study,year,order,fg,lat,temp,int_rate,vi
1,2021,Lepidoptera,borer,42.6391,10,0.023253979268514805,0.0033
1,2021,Lepidoptera,borer,42.6391,10,0.06578327557451684,0.0033
1,2021,Lepidoptera,borer,42.6391,10,0.03575135525106826,0.0033
1,2021,Lepidoptera,borer,42.6391,10,-0.014734849950494292,0.0033
1,2021,Lepidoptera,borer,42.6391,10,0.037812984161553695,0.0033
1,2021,Lepidoptera,borer,42.6391,10,0.0012914574025937701,0.0033
1,2021,Lepidoptera,borer,42.6391,10,-0.0012745932239599453,0.0033
1,2021,Lepidoptera,borer,42.6391,10,0.022111758557701647,0.0033
1,2021,Lepidoptera,borer,42.6391,10,0.05267295488370177,0.0033
1,2021,Lepidoptera,borer,42.6391,10,0.04424881684808965,0.0033
1,2021,Lepidoptera,borer,42.6391,10,0.04011649643940149,0.0033
1,2021,Lepidoptera,borer,42.6391,10,0.03307702804555239,0.0033
1,2021,Lepidoptera,borer,42.6391,10,0.02790270152732746,0.0033
1,2021,Lepidoptera,borer,42.6391,10,-0.011641919775813792,0.0033
1,2021,Lepidoptera,borer,42.6391,10,0.04622584842378201,0.0033
1,2021,Lepidoptera,borer,42.6391,10,0.04587814423482328,0.0033
1,2021,Lepidoptera,borer,42.6391,10,0.028256774165521862,0.0033
1,2021,Lepidoptera,borer,42.6391,10,0.01540535803310051,0.0033
1,2021,Lepidoptera,borer,42.6391,10,0.02108048914453832,0.0033
1,2021,Lepidoptera,borer,42.6391,10,0.05890824314002084,0.0033
1,2021,Lepidoptera,borer,42.6391,10,0.013812330663738765,0.0033
1,2021,Lepidoptera,borer,42.6391,10,0.03612462435168432,0.0033
1,2021,Lepidoptera,borer,42.6391,10,0.004497499217908197,0.0033
1,2021,Lepidoptera,borer,42.6391,10,0.0316850200114322,0.0033
1,2021,Lepidoptera,borer,42.6391,10,0.038970485118225914,0.0033
1,2021,Lepidoptera,borer,42.6391,10,0.055583162597820965,0.0033
1,2021,Lepidoptera,borer,42.6391,10,0.043525296529544594,0.0033
1,2021,Lepidoptera,borer,42.6391,10,0.030096402178609184,0.0033
1,2021,Lepidoptera,borer,42.6391,10,0.03609375821182803,0.0033
1,2021,Lepidoptera,borer,42.6391,10,0.01839958698445094,0.0033
1,2021,Lepidoptera,borer,42.6391,10,0.0013542353899239287,0.0033
1,2021,Lepidoptera,borer,42.6391,10,0.044470015998265514,0.0033
1,2021,Lepidoptera,borer,42.6391,10,0.03749944264440938,0.0033
1,2021,Lepidoptera,borer,42.6391,10,0.015526573965048722,0.0033
1,2021,Lepidoptera,borer,42.6391,10,0.026023493443739127,0.0033
1,2021,Lepidoptera,borer,42.6391,10,0.012989686941775366,0.0033
1,2021,Lepidoptera,borer,42.6391,10,-0.026863335031207334,0.0033
1,2021,Lepidoptera,borer,42.6391,10,0.023840924907376663,0.0033
1,2021,Lepidoptera,borer,42.6391,10,0.001993170660503099,0.0033
1,2021,Lepidoptera,borer,42.6391,10,0.006251323063381876,0.0033
1,2021,Lepidoptera,borer,42.6391,15,0.026259563663285992,0.0041
1,2021,Lepidoptera,borer,42.6391,15,0.0565573653559486,0.0041
1,2021,Lepidoptera,borer,42.6391,15,0.0401461286918195,0.0041
1,2021,Lepidoptera,borer,42.6391,15,0.09364402691968668,0.0041
1,2021,Lepidoptera,borer,42.6391,15,0.01701721661890266,0.0041
1,2021,Lepidoptera,borer,42.6391,15,0.032472677107614895,0.0041
1,2021,Lepidoptera,borer,42.6391,15,0.04633946229856238,0.0041
1,2021,Lepidoptera,borer,42.6391,15,0.07399770429524498,0.0041
1,2021,Lepidoptera,borer,42.6391,15,0.10635703659607496,0.0041
1,2021,Lepidoptera,borer,42.6391,15,0.09493006735235837,0.0041
1,2021,Lepidoptera,borer,42.6391,15,0.026084408333970414,0.0041
1,2021,Lepidoptera,borer,42.6391,15,0.053823382031142813,0.0041
1,2021,Lepidoptera,borer,42.6391,15,0.08542003649716226,0.0041
1,2021,Lepidoptera,borer,42.6391,15,0.07623836782841366,0.0041
1,2021,Lepidoptera,borer,42.6391,15,0.0666823518014839,0.0041
1,2021,Lepidoptera,borer,42.6391,15,0.043475265170866764,0.0041
1,2021,Lepidoptera,borer,42.6391,15,0.07328451225163296,0.0041
1,2021,Lepidoptera,borer,42.6391,15,0.04642517677839464,0.0041
1,2021,Lepidoptera,borer,42.6391,15,0.05551863637323362,0.0041
1,2021,Lepidoptera,borer,42.6391,15,0.09280016270868655,0.0041
1,2021,Lepidoptera,borer,42.6391,15,0.056850686999215506,0.0041
1,2021,Lepidoptera,borer,42.6391,15,0.05070438305329702,0.0041
1,2021,Lepidoptera,borer,42.6391,15,0.06498318886706896,0.0041
1,2021,Lepidoptera,borer,42.6391,15,-0.012887914462106007,0.0041
1,2021,Lepidoptera,borer,42.6391,15,0.04298822948653763,0.0041
1,2021,Lepidoptera,borer,42.6391,15,0.04569551651008104,0.0041
1,2021,Lepidoptera,borer,42.6391,15,0.050570946485071884,0.0041
1,2021,Lepidoptera,borer,42.6391,15,0.032182212536575563,0.0041
1,2021,Lepidoptera,borer,42.6391,15,0.05442838577891076,0.0041
1,2021,Lepidoptera,borer,42.6391,15,0.0393667428403552,0.0041
1,2021,Lepidoptera,borer,42.6391,15,0.04999865649238864,0.0041
1,2021,Lepidoptera,borer,42.6391,15,-2.1706926133763238e-5,0.0041
1,2021,Lepidoptera,borer,42.6391,15,0.04331823434494435,0.0041
1,2021,Lepidoptera,borer,42.6391,15,0.07508483841751648,0.0041
1,2021,Lepidoptera,borer,42.6391,15,0.018241809666319664,0.0041
1,2021,Lepidoptera,borer,42.6391,15,0.042535314112177716,0.0041
1,2021,Lepidoptera,borer,42.6391,15,0.06650620722382367,0.0041
1,2021,Lepidoptera,borer,42.6391,15,0.09006354548385193,0.0041
1,2021,Lepidoptera,borer,42.6391,15,0.074903370443061,0.0041
1,2021,Lepidoptera,borer,42.6391,15,0.03901380397255629,0.0041
1,2021,Lepidoptera,borer,42.6391,20,0.05502567664288934,0.00458
1,2021,Lepidoptera,borer,42.6391,20,0.07800745965531018,0.00458
1,2021,Lepidoptera,borer,42.6391,20,0.04626275585960808,0.00458
1,2021,Lepidoptera,borer,42.6391,20,0.12661623066407174,0.00458
1,2021,Lepidoptera,borer,42.6391,20,0.06229497738734224,0.00458
1,2021,Lepidoptera,borer,42.6391,20,0.08368909825133769,0.00458
1,2021,Lepidoptera,borer,42.6391,20,0.08835096618660776,0.00458
1,2021,Lepidoptera,borer,42.6391,20,0.09731002150099645,0.00458
1,2021,Lepidoptera,borer,42.6391,20,0.05773713449992635,0.00458
1,2021,Lepidoptera,borer,42.6391,20,0.1554035777501484,0.00458
1,2021,Lepidoptera,borer,42.6391,20,0.04735541089120534,0.00458
1,2021,Lepidoptera,borer,42.6391,20,0.079710970081838875,0.00458
1,2021,Lepidoptera,borer,42.6391,20,0.04941674646937324,0.00458
1,2021,Lepidoptera,borer,42.6391,20,0.056718049489792075,0.00458
1,2021,Lepidoptera,borer,42.6391,20,0.06730537617724193,0.00458
1,2021,Lepidoptera,borer,42.6391,20,0.06837852722797944,0.00458
1,2021,Lepidoptera,borer,42.6391,20,0.09099966258948708,0.00458
1,2021,Lepidoptera,borer,42.6391,20,0.06137049753830576,0.00458
1,2021,Lepidoptera,borer,42.6391,20,0.0990957500553756,0.00458
1,2021,Lepidoptera,borer,42.6391,20,0.0608834231460741,0.00458
1,2021,Lepidoptera,borer,42.6391,20,0.12227938735270255,0.00458
1,2021,Lepidoptera,borer,42.6391,20,0.0969655522851933,0.00458
1,2021,Lepidoptera,borer,42.6391,20,0.1177554995186247,0.00458
1,2021,Lepidoptera,borer,42.6391,20,0.09302835961672183,0.00458
1,2021,Lepidoptera,borer,42.6391,20,0.06857279099850921,0.00458
1,2021,Lepidoptera,borer,42.6391,20,0.0897260712346091,0.00458
1,2021,Lepidoptera,borer,42.6391,20,0.05118904946178692,0.00458
1,2021,Lepidoptera,borer,42.6391,20,0.03141525371053416,0.00458
1,2021,Lepidoptera,borer,42.6391,20,0.13568633910787617,0.00458
1,2021,Lepidoptera,borer,42.6391,20,0.10415367326108604,0.00458
1,2021,Lepidoptera,borer,42.6391,20,0.09974051015820509,0.00458
1,2021,Lepidoptera,borer,42.6391,20,0.061481793071270156,0.00458
1,2021,Lepidoptera,borer,42.6391,20,0.06340226596625462,0.00458
1,2021,Lepidoptera,borer,42.6391,20,0.12381517323502876,0.00458
1,2021,Lepidoptera,borer,42.6391,20,0.1033103183728981,0.00458
1,2021,Lepidoptera,borer,42.6391,20,0.056291203760917105,0.00458
1,2021,Lepidoptera,borer,42.6391,20,0.04722479212007967,0.00458
1,2021,Lepidoptera,borer,42.6391,20,0.123958636739084,0.00458
1,2021,Lepidoptera,borer,42.6391,20,0.07095652103712914,0.00458
1,2021,Lepidoptera,borer,42.6391,20,0.07111449692657808,0.00458
1,2021,Lepidoptera,borer,42.6391,25,0.17265424415312486,0.0117
1,2021,Lepidoptera,borer,42.6391,25,0.10296518626360918,0.0117
1,2021,Lepidoptera,borer,42.6391,25,0.11459009900089825,0.0117
1,2021,Lepidoptera,borer,42.6391,25,0.19362339356564187,0.0117
1,2021,Lepidoptera,borer,42.6391,25,0.1646570586163537,0.0117
1,2021,Lepidoptera,borer,42.6391,25,0.15853475468133568,0.0117
1,2021,Lepidoptera,borer,42.6391,25,0.2895817797275976,0.0117
1,2021,Lepidoptera,borer,42.6391,25,0.10875000720225259,0.0117
1,2021,Lepidoptera,borer,42.6391,25,0.06381788037333101,0.0117
1,2021,Lepidoptera,borer,42.6391,25,0.18103761176140581,0.0117
1,2021,Lepidoptera,borer,42.6391,25,0.06142645862616569,0.0117
1,2021,Lepidoptera,borer,42.6391,25,0.10912361185123305,0.0117
1,2021,Lepidoptera,borer,42.6391,25,0.16237536514310916,0.0117
1,2021,Lepidoptera,borer,42.6391,25,0.2834292781644988,0.0117
1,2021,Lepidoptera,borer,42.6391,25,0.14611866418795522,0.0117
1,2021,Lepidoptera,borer,42.6391,25,0.06538915474083518,0.0117
1,2021,Lepidoptera,borer,42.6391,25,0.14308324444453413,0.0117
1,2021,Lepidoptera,borer,42.6391,25,0.00950084748511193,0.0117
1,2021,Lepidoptera,borer,42.6391,25,0.19852921486438674,0.0117
1,2021,Lepidoptera,borer,42.6391,25,0.0981002976412297,0.0117
1,2021,Lepidoptera,borer,42.6391,25,0.19586466106069916,0.0117
1,2021,Lepidoptera,borer,42.6391,25,0.094383841478703,0.0117
1,2021,Lepidoptera,borer,42.6391,25,0.20951312600607624,0.0117
1,2021,Lepidoptera,borer,42.6391,25,0.13113797637303237,0.0117
1,2021,Lepidoptera,borer,42.6391,25,0.25317291348901494,0.0117
1,2021,Lepidoptera,borer,42.6391,25,0.2773025357244233,0.0117
1,2021,Lepidoptera,borer,42.6391,25,0.11825572652102974,0.0117
1,2021,Lepidoptera,borer,42.6391,25,0.02581575810984553,0.0117
1,2021,Lepidoptera,borer,42.6391,25,0.1631740961679956,0.0117
1,2021,Lepidoptera,borer,42.6391,25,0.1831089289515147,0.0117
1,2021,Lepidoptera,borer,42.6391,25,0.11340682778634924,0.0117
1,2021,Lepidoptera,borer,42.6391,25,0.053681974553809006,0.0117
1,2021,Lepidoptera,borer,42.6391,25,0.15823294394289222,0.0117
1,2021,Lepidoptera,borer,42.6391,25,0.2597344006377709,0.0117
1,2021,Lepidoptera,borer,42.6391,25,0.18877516607956726,0.0117
1,2021,Lepidoptera,borer,42.6391,25,0.048661997168940804,0.0117
1,2021,Lepidoptera,borer,42.6391,25,0.06116943444782756,0.0117
1,2021,Lepidoptera,borer,42.6391,25,0.018609689431439827,0.0117
1,2021,Lepidoptera,borer,42.6391,25,0.22712102194564843,0.0117
1,2021,Lepidoptera,borer,42.6391,25,0.11958882762880904,0.0117
1,2021,Lepidoptera,borer,42.6391,30,0.08949534901590964,0.0112
1,2021,Lepidoptera,borer,42.6391,30,0.15868870209059466,0.0112
1,2021,Lepidoptera,borer,42.6391,30,0.08110080736898462,0.0112
1,2021,Lepidoptera,borer,42.6391,30,0.04222503194083123,0.0112
1,2021,Lepidoptera,borer,42.6391,30,0.15349200230003576,0.0112
1,2021,Lepidoptera,borer,42.6391,30,0.1913592383895838,0.0112
1,2021,Lepidoptera,borer,42.6391,30,0.06981494703812102,0.0112
1,2021,Lepidoptera,borer,42.6391,30,0.1414924093501058,0.0112
1,2021,Lepidoptera,borer,42.6391,30,0.06077025052596072,0.0112
1,2021,Lepidoptera,borer,42.6391,30,0.21071655475830503,0.0112
1,2021,Lepidoptera,borer,42.6391,30,0.010867060557662025,0.0112
1,2021,Lepidoptera,borer,42.6391,30,0.08007612949628827,0.0112
1,2021,Lepidoptera,borer,42.6391,30,0.09700377580825856,0.0112
1,2021,Lepidoptera,borer,42.6391,30,0.023296882123704163,0.0112
1,2021,Lepidoptera,borer,42.6391,30,0.1921043090573183,0.0112
1,2021,Lepidoptera,borer,42.6391,30,0.12187924606644056,0.0112
1,2021,Lepidoptera,borer,42.6391,30,0.20117317635182053,0.0112
1,2021,Lepidoptera,borer,42.6391,30,0.12197357848830011,0.0112
1,2021,Lepidoptera,borer,42.6391,30,-0.016201677391659147,0.0112
1,2021,Lepidoptera,borer,42.6391,30,0.07676139571265814,0.0112
1,2021,Lepidoptera,borer,42.6391,30,0.06872148373647442,0.0112
1,2021,Lepidoptera,borer,42.6391,30,-0.027592829151605394,0.0112
1,2021,Lepidoptera,borer,42.6391,30,-0.037530977244433064,0.0112
1,2021,Lepidoptera,borer,42.6391,30,0.07138904859223691,0.0112
1,2021,Lepidoptera,borer,42.6391,30,0.07277163731581603,0.0112
1,2021,Lepidoptera,borer,42.6391,30,0.07228264041311813,0.0112
1,2021,Lepidoptera,borer,42.6391,30,0.09180975893381645,0.0112
1,2021,Lepidoptera,borer,42.6391,30,0.15128484477834814,0.0112
1,2021,Lepidoptera,borer,42.6391,30,0.03828027023219377,0.0112
1,2021,Lepidoptera,borer,42.6391,30,0.10899579265127017,0.0112
1,2021,Lepidoptera,borer,42.6391,30,0.04933888868018898,0.0112
1,2021,Lepidoptera,borer,42.6391,30,0.18206899716442063,0.0112
1,2021,Lepidoptera,borer,42.6391,30,0.2657610124040836,0.0112
1,2021,Lepidoptera,borer,42.6391,30,0.08860629864921096,0.0112
1,2021,Lepidoptera,borer,42.6391,30,0.15019564051040835,0.0112
1,2021,Lepidoptera,borer,42.6391,30,-0.029233311675442894,0.0112
1,2021,Lepidoptera,borer,42.6391,30,0.17771970484161984,0.0112
1,2021,Lepidoptera,borer,42.6391,30,0.12335020567688436,0.0112
1,2021,Lepidoptera,borer,42.6391,30,0.14564384452335072,0.0112
1,2021,Lepidoptera,borer,42.6391,30,0.04404787991881634,0.0112
1,2021,Lepidoptera,borer,42.6391,33,-0.028533777990690685,0.0269
1,2021,Lepidoptera,borer,42.6391,33,0.05096443331826381,0.0269
1,2021,Lepidoptera,borer,42.6391,33,-0.07099601405686146,0.0269
1,2021,Lepidoptera,borer,42.6391,33,0.12157430977928474,0.0269
1,2021,Lepidoptera,borer,42.6391,33,-0.028500338981823435,0.0269
1,2021,Lepidoptera,borer,42.6391,33,0.23268381311982825,0.0269
1,2021,Lepidoptera,borer,42.6391,33,-0.1587856690194818,0.0269
1,2021,Lepidoptera,borer,42.6391,33,-0.04031770274910281,0.0269
1,2021,Lepidoptera,borer,42.6391,33,-0.09768480396998669,0.0269
1,2021,Lepidoptera,borer,42.6391,33,-0.16673934928506473,0.0269
1,2021,Lepidoptera,borer,42.6391,33,0.3116136723889663,0.0269
1,2021,Lepidoptera,borer,42.6391,33,-0.06376200927246362,0.0269
1,2021,Lepidoptera,borer,42.6391,33,0.23048293369246248,0.0269
1,2021,Lepidoptera,borer,42.6391,33,-0.0545143377599616,0.0269
1,2021,Lepidoptera,borer,42.6391,33,0.2551510769504823,0.0269
1,2021,Lepidoptera,borer,42.6391,33,0.06536893488386476,0.0269
1,2021,Lepidoptera,borer,42.6391,33,0.06998027348893819,0.0269
1,2021,Lepidoptera,borer,42.6391,33,-0.11572311231073792,0.0269
1,2021,Lepidoptera,borer,42.6391,33,0.1334698324198102,0.0269
1,2021,Lepidoptera,borer,42.6391,33,-0.2953882805928406,0.0269
1,2021,Lepidoptera,borer,42.6391,33,0.18732018243053317,0.0269
1,2021,Lepidoptera,borer,42.6391,33,0.008234091878138533,0.0269
1,2021,Lepidoptera,borer,42.6391,33,-0.016859230944178495,0.0269
1,2021,Lepidoptera,borer,42.6391,33,0.18401289158859335,0.0269
1,2021,Lepidoptera,borer,42.6391,33,-0.02823273988137686,0.0269
1,2021,Lepidoptera,borer,42.6391,33,0.14441718940128842,0.0269
1,2021,Lepidoptera,borer,42.6391,33,-0.03721997215629918,0.0269
1,2021,Lepidoptera,borer,42.6391,33,0.30132913609792245,0.0269
1,2021,Lepidoptera,borer,42.6391,33,0.13377109163950873,0.0269
1,2021,Lepidoptera,borer,42.6391,33,0.13689499695522128,0.0269
1,2021,Lepidoptera,borer,42.6391,33,-0.1545314771968604,0.0269
1,2021,Lepidoptera,borer,42.6391,33,0.09030810913819731,0.0269
1,2021,Lepidoptera,borer,42.6391,33,0.0903076681940267,0.0269
1,2021,Lepidoptera,borer,42.6391,33,-0.14837276076521974,0.0269
1,2021,Lepidoptera,borer,42.6391,33,-0.026315933965454764,0.0269
1,2021,Lepidoptera,borer,42.6391,33,0.2198507566025175,0.0269
1,2021,Lepidoptera,borer,42.6391,33,0.590275636614001,0.0269
1,2021,Lepidoptera,borer,42.6391,33,0.21183942710648154,0.0269
1,2021,Lepidoptera,borer,42.6391,33,-0.14366991043683294,0.0269
1,2021,Lepidoptera,borer,42.6391,33,-0.00970303635309161,0.0269
2,2020,Orthoptera,chewer,36.67087,16,0.012146446088469322,9e-4
2,2020,Orthoptera,chewer,36.67087,16,0.015829127696683053,9e-4
2,2020,Orthoptera,chewer,36.67087,16,0.021144833433607072,9e-4
2,2020,Orthoptera,chewer,36.67087,16,0.009730118618264172,9e-4
2,2020,Orthoptera,chewer,36.67087,16,0.015688755425040737,9e-4
2,2020,Orthoptera,chewer,36.67087,16,0.015964765263324427,9e-4
2,2020,Orthoptera,chewer,36.67087,16,0.017564185680909384,9e-4
2,2020,Orthoptera,chewer,36.67087,16,0.018808733325554328,9e-4
2,2020,Orthoptera,chewer,36.67087,16,0.012692640386535703,9e-4
2,2020,Orthoptera,chewer,36.67087,16,0.010964935065138782,9e-4
2,2020,Orthoptera,chewer,36.67087,16,0.01542314371390152,9e-4
2,2020,Orthoptera,chewer,36.67087,16,0.010564915381018843,9e-4
2,2020,Orthoptera,chewer,36.67087,16,0.010820061426565167,9e-4
2,2020,Orthoptera,chewer,36.67087,16,0.015624987712850686,9e-4
2,2020,Orthoptera,chewer,36.67087,16,0.0194271470455026,9e-4
2,2020,Orthoptera,chewer,36.67087,16,0.011332840807082053,9e-4
2,2020,Orthoptera,chewer,36.67087,16,0.012835638098663966,9e-4
2,2020,Orthoptera,chewer,36.67087,16,0.021582285095550297,9e-4
2,2020,Orthoptera,chewer,36.67087,16,0.009368110976802478,9e-4
2,2020,Orthoptera,chewer,36.67087,16,0.01838530567162249,9e-4
2,2020,Orthoptera,chewer,36.67087,16,0.0031851090391164776,9e-4
2,2020,Orthoptera,chewer,36.67087,16,0.01705854550715407,9e-4
2,2020,Orthoptera,chewer,36.67087,16,0.01076803267137351,9e-4
2,2020,Orthoptera,chewer,36.67087,16,0.011840204210767378,9e-4
2,2020,Orthoptera,chewer,36.67087,16,0.00539454027831001,9e-4
2,2020,Orthoptera,chewer,36.67087,16,0.019623066817844342,9e-4
2,2020,Orthoptera,chewer,36.67087,16,0.013938037790623317,9e-4
2,2020,Orthoptera,chewer,36.67087,16,0.022693486771723795,9e-4
2,2020,Orthoptera,chewer,36.67087,20,0.028877238874942056,0.0012
2,2020,Orthoptera,chewer,36.67087,20,0.030985353633813217,0.0012
2,2020,Orthoptera,chewer,36.67087,20,0.023037012878296726,0.0012
2,2020,Orthoptera,chewer,36.67087,20,0.024286053368577105,0.0012
2,2020,Orthoptera,chewer,36.67087,20,0.02410908700890239,0.0012
2,2020,Orthoptera,chewer,36.67087,20,0.023727508631401783,0.0012
2,2020,Orthoptera,chewer,36.67087,20,0.027849731437673525,0.0012
2,2020,Orthoptera,chewer,36.67087,20,0.023691207302743485,0.0012
2,2020,Orthoptera,chewer,36.67087,20,0.0273662046699931,0.0012
2,2020,Orthoptera,chewer,36.67087,20,0.017716314289365265,0.0012
2,2020,Orthoptera,chewer,36.67087,20,0.030488194917571015,0.0012
2,2020,Orthoptera,chewer,36.67087,20,0.020817886892731233,0.0012
2,2020,Orthoptera,chewer,36.67087,20,0.03876331033101158,0.0012
2,2020,Orthoptera,chewer,36.67087,20,0.0336959433437051,0.0012
2,2020,Orthoptera,chewer,36.67087,20,0.02267123789441128,0.0012
2,2020,Orthoptera,chewer,36.67087,20,0.016272147326845246,0.0012
2,2020,Orthoptera,chewer,36.67087,20,0.027977712744856928,0.0012
2,2020,Orthoptera,chewer,36.67087,20,0.026899771902732975,0.0012
2,2020,Orthoptera,chewer,36.67087,20,0.028919983315009303,0.0012
2,2020,Orthoptera,chewer,36.67087,20,0.029182035229084434,0.0012
2,2020,Orthoptera,chewer,36.67087,20,0.024436322631839272,0.0012
2,2020,Orthoptera,chewer,36.67087,20,0.018592168289889154,0.0012
2,2020,Orthoptera,chewer,36.67087,20,0.01738099189899036,0.0012
2,2020,Orthoptera,chewer,36.67087,20,0.02355122768862957,0.0012
2,2020,Orthoptera,chewer,36.67087,20,0.01550772780017667,0.0012
2,2020,Orthoptera,chewer,36.67087,20,0.009782685566600991,0.0012
2,2020,Orthoptera,chewer,36.67087,20,0.03563572305287103,0.0012
2,2020,Orthoptera,chewer,36.67087,20,0.009227361359215232,0.0012
2,2020,Orthoptera,chewer,36.67087,20,0.030025905808080084,0.0012
2,2020,Orthoptera,chewer,36.67087,20,0.023405143217580453,0.0012
2,2020,Orthoptera,chewer,36.67087,20,0.02311012867324325,0.0012
2,2020,Orthoptera,chewer,36.67087,20,0.03022147584414496,0.0012
2,2020,Orthoptera,chewer,36.67087,20,0.013386348159771704,0.0012
2,2020,Orthoptera,chewer,36.67087,20,0.01059957157295396,0.0012
2,2020,Orthoptera,chewer,36.67087,20,0.030618708305428614,0.0012
2,2020,Orthoptera,chewer,36.67087,20,0.03198457413691692,0.0012
2,2020,Orthoptera,chewer,36.67087,24,0.023145014177195576,0.002
2,2020,Orthoptera,chewer,36.67087,24,0.04890325587656028,0.002
2,2020,Orthoptera,chewer,36.67087,24,0.03638236858702241,0.002
2,2020,Orthoptera,chewer,36.67087,24,0.04628183901502534,0.002
2,2020,Orthoptera,chewer,36.67087,24,0.037385328215118974,0.002
2,2020,Orthoptera,chewer,36.67087,24,0.04785446185556339,0.002
2,2020,Orthoptera,chewer,36.67087,24,0.05263178365173768,0.002
2,2020,Orthoptera,chewer,36.67087,24,0.02931651379627257,0.002
2,2020,Orthoptera,chewer,36.67087,24,0.04759998934659429,0.002
2,2020,Orthoptera,chewer,36.67087,24,0.023018527000824622,0.002
2,2020,Orthoptera,chewer,36.67087,24,0.04768200979656434,0.002
2,2020,Orthoptera,chewer,36.67087,24,0.04487347466483917,0.002
2,2020,Orthoptera,chewer,36.67087,24,0.05355750058005129,0.002
2,2020,Orthoptera,chewer,36.67087,24,0.03569820896246665,0.002
2,2020,Orthoptera,chewer,36.67087,24,0.041452030813697006,0.002
2,2020,Orthoptera,chewer,36.67087,24,0.05081450464910818,0.002
2,2020,Orthoptera,chewer,36.67087,24,0.03343946617285791,0.002
2,2020,Orthoptera,chewer,36.67087,24,0.02014920320712542,0.002
2,2020,Orthoptera,chewer,36.67087,24,0.04970797010955993,0.002
2,2020,Orthoptera,chewer,36.67087,24,0.030168089088762194,0.002
2,2020,Orthoptera,chewer,36.67087,24,0.04568990606479073,0.002
2,2020,Orthoptera,chewer,36.67087,24,0.04202594412290753,0.002
2,2020,Orthoptera,chewer,36.67087,24,0.040357302566984214,0.002
2,2020,Orthoptera,chewer,36.67087,24,0.06446085312453717,0.002
2,2020,Orthoptera,chewer,36.67087,24,0.03814505095595703,0.002
2,2020,Orthoptera,chewer,36.67087,24,0.047677486107845723,0.002
2,2020,Orthoptera,chewer,36.67087,24,0.05979197219740563,0.002
2,2020,Orthoptera,chewer,36.67087,24,0.059377769726685944,0.002
2,2020,Orthoptera,chewer,36.67087,24,0.050050365109727074,0.002
2,2020,Orthoptera,chewer,36.67087,24,0.03636181045621173,0.002
2,2020,Orthoptera,chewer,36.67087,28,0.06650155311885977,0.0028
2,2020,Orthoptera,chewer,36.67087,28,0.030599507848576752,0.0028
2,2020,Orthoptera,chewer,36.67087,28,0.04765119826070941,0.0028
2,2020,Orthoptera,chewer,36.67087,28,0.05056069926834299,0.0028
2,2020,Orthoptera,chewer,36.67087,28,0.022091033150594776,0.0028
2,2020,Orthoptera,chewer,36.67087,28,0.062325847457823956,0.0028
2,2020,Orthoptera,chewer,36.67087,28,0.06418245082148921,0.0028
2,2020,Orthoptera,chewer,36.67087,28,0.04436790453053285,0.0028
2,2020,Orthoptera,chewer,36.67087,28,0.060893615705489144,0.0028
2,2020,Orthoptera,chewer,36.67087,28,0.04377151492775039,0.0028
2,2020,Orthoptera,chewer,36.67087,28,0.03490701627785272,0.0028
2,2020,Orthoptera,chewer,36.67087,28,0.06388710052561719,0.0028
2,2020,Orthoptera,chewer,36.67087,28,0.05692301441546016,0.0028
2,2020,Orthoptera,chewer,36.67087,28,0.03708816041506225,0.0028
2,2020,Orthoptera,chewer,36.67087,28,0.0518301412109165,0.0028
2,2020,Orthoptera,chewer,36.67087,28,0.03174365836131209,0.0028
2,2020,Orthoptera,chewer,36.67087,28,0.050456875763312,0.0028
2,2020,Orthoptera,chewer,36.67087,28,0.04843571240679737,0.0028
2,2020,Orthoptera,chewer,36.67087,28,0.04440505358844823,0.0028
2,2020,Orthoptera,chewer,36.67087,28,0.03937794194505227,0.0028
2,2020,Orthoptera,chewer,36.67087,32,0.05010498295896917,0.0043
2,2020,Orthoptera,chewer,36.67087,32,0.026915242557458804,0.0043
2,2020,Orthoptera,chewer,36.67087,32,0.07184776249180963,0.0043
2,2020,Orthoptera,chewer,36.67087,32,0.026554112691780977,0.0043
2,2020,Orthoptera,chewer,36.67087,32,0.04422746959199038,0.0043
2,2020,Orthoptera,chewer,36.67087,32,0.0489741460274189,0.0043
2,2020,Orthoptera,chewer,36.67087,32,0.03689986429860278,0.0043
2,2020,Orthoptera,chewer,36.67087,32,0.03535243743287087,0.0043
2,2020,Orthoptera,chewer,36.67087,32,0.04957021986022197,0.0043
2,2020,Orthoptera,chewer,36.67087,32,0.06035441659951592,0.0043
2,2020,Orthoptera,chewer,36.67087,32,0.07150041689597994,0.0043
2,2020,Orthoptera,chewer,36.67087,32,0.06168868895307106,0.0043
2,2020,Orthoptera,chewer,36.67087,32,0.019947677845679163,0.0043
2,2020,Orthoptera,chewer,36.67087,32,0.06456958505056526,0.0043
2,2020,Orthoptera,chewer,36.67087,32,0.06049297674406515,0.0043
3,2020,Diptera,borer,29.84253,13,0.00531754535607716,0.002
3,2020,Diptera,borer,29.84253,13,0.008451870237521334,0.002
3,2020,Diptera,borer,29.84253,13,7.210693011159893e-4,0.002
3,2020,Diptera,borer,29.84253,13,-0.005238529487200255,0.002
3,2020,Diptera,borer,29.84253,13,0.013718508769825454,0.002
3,2020,Diptera,borer,29.84253,13,0.0014624003741974122,0.002
3,2020,Diptera,borer,29.84253,13,-0.0025806286282714927,0.002
3,2020,Diptera,borer,29.84253,13,0.012088618247079345,0.002
3,2020,Diptera,borer,29.84253,13,-0.008684419223936094,0.002
3,2020,Diptera,borer,29.84253,13,0.0012151375218655168,0.002
3,2020,Diptera,borer,29.84253,13,-0.004008427409432857,0.002
3,2020,Diptera,borer,29.84253,13,0.0010675033692893361,0.002
3,2020,Diptera,borer,29.84253,13,4.836485980216571e-4,0.002
3,2020,Diptera,borer,29.84253,13,0.012255527742737991,0.002
3,2020,Diptera,borer,29.84253,13,0.016319992810393143,0.002
3,2020,Diptera,borer,29.84253,13,0.014457195079434233,0.002
3,2020,Diptera,borer,29.84253,13,0.01795298734128215,0.002
3,2020,Diptera,borer,29.84253,18,0.10113162182908549,0.008
3,2020,Diptera,borer,29.84253,18,0.11095683602613127,0.008
3,2020,Diptera,borer,29.84253,18,0.11524230107859273,0.008
3,2020,Diptera,borer,29.84253,18,0.12120880512177695,0.008
3,2020,Diptera,borer,29.84253,18,0.076214347075899,0.008
3,2020,Diptera,borer,29.84253,18,0.1665043067383509,0.008
3,2020,Diptera,borer,29.84253,18,0.09198041793059197,0.008
3,2020,Diptera,borer,29.84253,18,0.0576267078489605,0.008
3,2020,Diptera,borer,29.84253,18,0.138363214850935,0.008
3,2020,Diptera,borer,29.84253,18,0.09316282696565681,0.008
3,2020,Diptera,borer,29.84253,18,0.07660951411245043,0.008
3,2020,Diptera,borer,29.84253,18,0.058946252840639576,0.008
3,2020,Diptera,borer,29.84253,18,0.11995521305282969,0.008
3,2020,Diptera,borer,29.84253,18,0.08714150571466037,0.008
3,2020,Diptera,borer,29.84253,18,0.08950631241603157,0.008
3,2020,Diptera,borer,29.84253,18,0.03517093776696855,0.008
3,2020,Diptera,borer,29.84253,18,0.05827887863043927,0.008
3,2020,Diptera,borer,29.84253,23,0.21822632437177203,0.008
3,2020,Diptera,borer,29.84253,23,0.13956091526536102,0.008
3,2020,Diptera,borer,29.84253,23,0.15531944079840762,0.008
3,2020,Diptera,borer,29.84253,23,0.17246447197218534,0.008
3,2020,Diptera,borer,29.84253,23,0.18669690109792314,0.008
3,2020,Diptera,borer,29.84253,23,0.19653903931864583,0.008
3,2020,Diptera,borer,29.84253,23,0.1967479156562054,0.008
3,2020,Diptera,borer,29.84253,23,0.18324672505815645,0.008
3,2020,Diptera,borer,29.84253,23,0.1757058729344411,0.008
3,2020,Diptera,borer,29.84253,23,0.20077177783197586,0.008
3,2020,Diptera,borer,29.84253,23,0.1538897398810788,0.008
3,2020,Diptera,borer,29.84253,23,0.19331603377078393,0.008
3,2020,Diptera,borer,29.84253,23,0.20295091551493122,0.008
3,2020,Diptera,borer,29.84253,23,0.2167402006820875,0.008
3,2020,Diptera,borer,29.84253,23,0.27725773181039454,0.008
3,2020,Diptera,borer,29.84253,23,0.21261958617220922,0.008
3,2020,Diptera,borer,29.84253,23,0.1479464078634412,0.008
3,2020,Diptera,borer,29.84253,25,0.12821072277352938,0.008
3,2020,Diptera,borer,29.84253,25,0.1570031257163178,0.008
3,2020,Diptera,borer,29.84253,25,0.15615639732787334,0.008
3,2020,Diptera,borer,29.84253,25,0.1927447968469223,0.008
3,2020,Diptera,borer,29.84253,25,0.13610945645838915,0.008
3,2020,Diptera,borer,29.84253,25,0.20661495623018794,0.008
3,2020,Diptera,borer,29.84253,25,0.17561060994767744,0.008
3,2020,Diptera,borer,29.84253,25,0.14853452459658112,0.008
3,2020,Diptera,borer,29.84253,25,0.18316475801918192,0.008
3,2020,Diptera,borer,29.84253,25,0.22661652723770226,0.008
3,2020,Diptera,borer,29.84253,25,0.11560225512064204,0.008
3,2020,Diptera,borer,29.84253,25,0.2132940995031326,0.008
3,2020,Diptera,borer,29.84253,25,0.17241169985959107,0.008
3,2020,Diptera,borer,29.84253,25,0.14750962068157758,0.008
3,2020,Diptera,borer,29.84253,25,0.12856239552657123,0.008
3,2020,Diptera,borer,29.84253,25,0.13851517785922707,0.008
3,2020,Diptera,borer,29.84253,25,0.19533887629489594,0.008
3,2020,Diptera,borer,29.84253,28,0.4422601881189516,0.1
3,2020,Diptera,borer,29.84253,28,-0.13112817965692253,0.1
3,2020,Diptera,borer,29.84253,28,-0.27105865991514344,0.1
3,2020,Diptera,borer,29.84253,28,0.4386938946186276,0.1
3,2020,Diptera,borer,29.84253,28,-0.38780012141595255,0.1
3,2020,Diptera,borer,29.84253,28,0.04881466240203487,0.1
3,2020,Diptera,borer,29.84253,28,-0.054905887833828465,0.1
3,2020,Diptera,borer,29.84253,28,1.9326464997811155e-4,0.1
3,2020,Diptera,borer,29.84253,28,1.0456819805552886,0.1
3,2020,Diptera,borer,29.84253,28,0.2390567442616484,0.1
3,2020,Diptera,borer,29.84253,28,-0.46326275831022345,0.1
3,2020,Diptera,borer,29.84253,28,0.2347157824991155,0.1
3,2020,Diptera,borer,29.84253,28,0.5050844197552135,0.1
3,2020,Diptera,borer,29.84253,28,0.13344679030306847,0.1
3,2020,Diptera,borer,29.84253,28,0.3504416728886589,0.1
3,2020,Diptera,borer,29.84253,28,-0.6333375066537557,0.1
3,2020,Diptera,borer,29.84253,28,-8.962862667593746e-4,0.1
4,2020,Lepidoptera,chewer,28.0079,15,0.042426965499565886,0.0029
4,2020,Lepidoptera,chewer,28.0079,15,0.04442655395882437,0.0029
4,2020,Lepidoptera,chewer,28.0079,15,0.05403053464673202,0.0029
4,2020,Lepidoptera,chewer,28.0079,15,0.030021460496320977,0.0029
4,2020,Lepidoptera,chewer,28.0079,15,0.038246798016819294,0.0029
4,2020,Lepidoptera,chewer,28.0079,15,0.040503438450588854,0.0029
4,2020,Lepidoptera,chewer,28.0079,15,0.05603578613701513,0.0029
4,2020,Lepidoptera,chewer,28.0079,15,0.01928944731750227,0.0029
4,2020,Lepidoptera,chewer,28.0079,15,0.04906519303684817,0.0029
4,2020,Lepidoptera,chewer,28.0079,15,0.040793555061343245,0.0029
4,2020,Lepidoptera,chewer,28.0079,15,0.03689320146936997,0.0029
4,2020,Lepidoptera,chewer,28.0079,15,0.03217179025926591,0.0029
4,2020,Lepidoptera,chewer,28.0079,15,0.05299527564980394,0.0029
4,2020,Lepidoptera,chewer,28.0079,20,0.04292208385897907,0.0042
4,2020,Lepidoptera,chewer,28.0079,20,0.04642556485162622,0.0042
4,2020,Lepidoptera,chewer,28.0079,20,0.03571215350388163,0.0042
4,2020,Lepidoptera,chewer,28.0079,20,0.03658307487697361,0.0042
4,2020,Lepidoptera,chewer,28.0079,20,0.039127478021508635,0.0042
4,2020,Lepidoptera,chewer,28.0079,20,0.0634335129205782,0.0042
4,2020,Lepidoptera,chewer,28.0079,20,0.06120552737238997,0.0042
4,2020,Lepidoptera,chewer,28.0079,20,0.07514482021829304,0.0042
4,2020,Lepidoptera,chewer,28.0079,20,0.06993076244576639,0.0042
4,2020,Lepidoptera,chewer,28.0079,20,0.051184104767768634,0.0042
4,2020,Lepidoptera,chewer,28.0079,20,0.06312698399831862,0.0042
4,2020,Lepidoptera,chewer,28.0079,20,0.06744419550543602,0.0042
4,2020,Lepidoptera,chewer,28.0079,20,0.040332884384256,0.0042
4,2020,Lepidoptera,chewer,28.0079,20,0.053295301653834067,0.0042
4,2020,Lepidoptera,chewer,28.0079,20,0.08079636993248498,0.0042
4,2020,Lepidoptera,chewer,28.0079,20,0.08207566293159355,0.0042
4,2020,Lepidoptera,chewer,28.0079,20,0.07270168549053704,0.0042
4,2020,Lepidoptera,chewer,28.0079,20,0.09675783326577445,0.0042
4,2020,Lepidoptera,chewer,28.0079,25,0.12537323921789548,0.006
4,2020,Lepidoptera,chewer,28.0079,25,0.12035020359115947,0.006
4,2020,Lepidoptera,chewer,28.0079,25,0.10136430747331696,0.006
4,2020,Lepidoptera,chewer,28.0079,25,0.15202838908470687,0.006
4,2020,Lepidoptera,chewer,28.0079,25,0.13363872169280322,0.006
4,2020,Lepidoptera,chewer,28.0079,25,0.12524952829467792,0.006
4,2020,Lepidoptera,chewer,28.0079,25,0.08271127990615029,0.006
4,2020,Lepidoptera,chewer,28.0079,25,0.151894070276129,0.006
4,2020,Lepidoptera,chewer,28.0079,25,0.14080405255666856,0.006
4,2020,Lepidoptera,chewer,28.0079,25,0.11200147026489458,0.006
4,2020,Lepidoptera,chewer,28.0079,25,0.15067752366720039,0.006
4,2020,Lepidoptera,chewer,28.0079,25,0.18712071859428364,0.006
4,2020,Lepidoptera,chewer,28.0079,25,0.13460107158026782,0.006
4,2020,Lepidoptera,chewer,28.0079,25,0.18285551232011457,0.006
4,2020,Lepidoptera,chewer,28.0079,25,0.10270900317360163,0.006
4,2020,Lepidoptera,chewer,28.0079,25,0.13961123962759067,0.006
4,2020,Lepidoptera,chewer,28.0079,25,0.15652242357835588,0.006
4,2020,Lepidoptera,chewer,28.0079,25,0.13757705160497888,0.006
4,2020,Lepidoptera,chewer,28.0079,25,0.12411019349520422,0.006
4,2020,Lepidoptera,chewer,28.0079,30,0.14629441105243893,0.0076
4,2020,Lepidoptera,chewer,28.0079,30,0.13004035196509972,0.0076
4,2020,Lepidoptera,chewer,28.0079,30,0.13941370231918618,0.0076
4,2020,Lepidoptera,chewer,28.0079,30,0.10066988584764008,0.0076
4,2020,Lepidoptera,chewer,28.0079,30,0.14969612096132232,0.0076
4,2020,Lepidoptera,chewer,28.0079,30,0.07754822726039293,0.0076
4,2020,Lepidoptera,chewer,28.0079,30,0.16474370770440347,0.0076
4,2020,Lepidoptera,chewer,28.0079,30,0.08747566735980444,0.0076
4,2020,Lepidoptera,chewer,28.0079,30,0.15102295830012272,0.0076
4,2020,Lepidoptera,chewer,28.0079,30,0.13940338308442643,0.0076
4,2020,Lepidoptera,chewer,28.0079,30,0.12827254821907205,0.0076
4,2020,Lepidoptera,chewer,28.0079,30,0.10836482965015594,0.0076
4,2020,Lepidoptera,chewer,28.0079,30,0.1015759401527111,0.0076
4,2020,Lepidoptera,chewer,28.0079,30,0.15682979099567557,0.0076
4,2020,Lepidoptera,chewer,28.0079,30,0.054501936850760255,0.0076
4,2020,Lepidoptera,chewer,28.0079,30,0.1336609480191258,0.0076
4,2020,Lepidoptera,chewer,28.0079,30,0.208076782768285,0.0076
4,2020,Lepidoptera,chewer,28.0079,30,0.1657179668218752,0.0076
4,2020,Lepidoptera,chewer,28.0079,30,0.13363842977584905,0.0076
4,2020,Lepidoptera,chewer,28.0079,30,0.0942748330699365,0.0076
4,2020,Lepidoptera,chewer,28.0079,30,0.1645373673604431,0.0076
4,2020,Lepidoptera,chewer,28.0079,30,0.16604021046127293,0.0076
5,2020,Hemiptera,sucker,45.79883,13,0.10405504247217452,0.001
5,2020,Hemiptera,sucker,45.79883,13,0.09530305371634182,0.001
5,2020,Hemiptera,sucker,45.79883,13,0.11028482591803887,0.001
5,2020,Hemiptera,sucker,45.79883,13,0.10887517444057011,0.001
5,2020,Hemiptera,sucker,45.79883,13,0.11088909474644809,0.001
5,2020,Hemiptera,sucker,45.79883,13,0.11282338464827346,0.001
5,2020,Hemiptera,sucker,45.79883,13,0.11020391417384809,0.001
5,2020,Hemiptera,sucker,45.79883,13,0.09600320711777297,0.001
5,2020,Hemiptera,sucker,45.79883,13,0.1167331367066915,0.001
5,2020,Hemiptera,sucker,45.79883,13,0.1030923151307052,0.001
5,2020,Hemiptera,sucker,45.79883,13,0.09851846224376251,0.001
5,2020,Hemiptera,sucker,45.79883,13,0.11302303747698592,0.001
5,2020,Hemiptera,sucker,45.79883,13,0.09871702472346967,0.001
5,2020,Hemiptera,sucker,45.79883,13,0.11857943245653159,0.001
5,2020,Hemiptera,sucker,45.79883,13,0.09896354253959334,0.001
5,2020,Hemiptera,sucker,45.79883,13,0.11145932157365351,0.001
5,2020,Hemiptera,sucker,45.79883,13,0.1052453287303043,0.001
5,2020,Hemiptera,sucker,45.79883,13,0.10723714123865638,0.001
5,2020,Hemiptera,sucker,45.79883,13,0.1084365001910546,0.001
5,2020,Hemiptera,sucker,45.79883,13,0.10746655841405324,0.001
5,2020,Hemiptera,sucker,45.79883,13,0.10188093082370946,0.001
5,2020,Hemiptera,sucker,45.79883,13,0.10241758217869654,0.001
5,2020,Hemiptera,sucker,45.79883,13,0.109440025543533,0.001
5,2020,Hemiptera,sucker,45.79883,13,0.10385642317127629,0.001
5,2020,Hemiptera,sucker,45.79883,13,0.11003278104911668,0.001
5,2020,Hemiptera,sucker,45.79883,13,0.1123098047020281,0.001
5,2020,Hemiptera,sucker,45.79883,13,0.08939656528948425,0.001
5,2020,Hemiptera,sucker,45.79883,13,0.09685389786792797,0.001
5,2020,Hemiptera,sucker,45.79883,13,0.11867263831910713,0.001
5,2020,Hemiptera,sucker,45.79883,13,0.10818089472108897,0.001
5,2020,Hemiptera,sucker,45.79883,13,0.10062442067454917,0.001
5,2020,Hemiptera,sucker,45.79883,13,0.10791322671508274,0.001
5,2020,Hemiptera,sucker,45.79883,13,0.1063494439513668,0.001
5,2020,Hemiptera,sucker,45.79883,13,0.10231318263268666,0.001
5,2020,Hemiptera,sucker,45.79883,13,0.08540271652080277,0.001
5,2020,Hemiptera,sucker,45.79883,13,0.10626837504439196,0.001
5,2020,Hemiptera,sucker,45.79883,13,0.11099536348275185,0.001
5,2020,Hemiptera,sucker,45.79883,13,0.09915102449592554,0.001
5,2020,Hemiptera,sucker,45.79883,13,0.1072861887387118,0.001
5,2020,Hemiptera,sucker,45.79883,13,0.1080328054041765,0.001
5,2020,Hemiptera,sucker,45.79883,13,0.10662260794348448,0.001
5,2020,Hemiptera,sucker,45.79883,13,0.10262991149077332,0.001
5,2020,Hemiptera,sucker,45.79883,13,0.1136332110931279,0.001
5,2020,Hemiptera,sucker,45.79883,13,0.11666661915166396,0.001
5,2020,Hemiptera,sucker,45.79883,13,0.11025121423457317,0.001
5,2020,Hemiptera,sucker,45.79883,13,0.1150123327895552,0.001
5,2020,Hemiptera,sucker,45.79883,13,0.09790416281139917,0.001
5,2020,Hemiptera,sucker,45.79883,13,0.10289022471053523,0.001
5,2020,Hemiptera,sucker,45.79883,13,0.1128428244875174,0.001
5,2020,Hemiptera,sucker,45.79883,13,0.1032591013020263,0.001
5,2020,Hemiptera,sucker,45.79883,18,0.22603228036454315,0.0046
5,2020,Hemiptera,sucker,45.79883,18,0.2188390099840922,0.0046
5,2020,Hemiptera,sucker,45.79883,18,0.19294291661862967,0.0046
5,2020,Hemiptera,sucker,45.79883,18,0.20828948730697794,0.0046
5,2020,Hemiptera,sucker,45.79883,18,0.1721146767107087,0.0046
5,2020,Hemiptera,sucker,45.79883,18,0.23594975855469744,0.0046
5,2020,Hemiptera,sucker,45.79883,18,0.198287305184958,0.0046
5,2020,Hemiptera,sucker,45.79883,18,0.20850654593896648,0.0046
5,2020,Hemiptera,sucker,45.79883,18,0.21017408001174642,0.0046
5,2020,Hemiptera,sucker,45.79883,18,0.19622297101520614,0.0046
5,2020,Hemiptera,sucker,45.79883,18,0.23468293157491477,0.0046
5,2020,Hemiptera,sucker,45.79883,18,0.2760453612950683,0.0046
5,2020,Hemiptera,sucker,45.79883,18,0.20058873622141826,0.0046
5,2020,Hemiptera,sucker,45.79883,18,0.1653692794960972,0.0046
5,2020,Hemiptera,sucker,45.79883,18,0.2079129582485934,0.0046
5,2020,Hemiptera,sucker,45.79883,18,0.17935642130105114,0.0046
5,2020,Hemiptera,sucker,45.79883,18,0.17855438753104683,0.0046
5,2020,Hemiptera,sucker,45.79883,18,0.2523528128011851,0.0046
5,2020,Hemiptera,sucker,45.79883,18,0.23160877319182585,0.0046
5,2020,Hemiptera,sucker,45.79883,18,0.22365444740904822,0.0046
5,2020,Hemiptera,sucker,45.79883,18,0.22604885902098565,0.0046
5,2020,Hemiptera,sucker,45.79883,18,0.2102136172473179,0.0046
5,2020,Hemiptera,sucker,45.79883,18,0.20678713264613244,0.0046
5,2020,Hemiptera,sucker,45.79883,18,0.19838024196651258,0.0046
5,2020,Hemiptera,sucker,45.79883,18,0.20654970342536141,0.0046
5,2020,Hemiptera,sucker,45.79883,18,0.21408497145004643,0.0046
5,2020,Hemiptera,sucker,45.79883,18,0.20297005286716283,0.0046
5,2020,Hemiptera,sucker,45.79883,18,0.1778802806157059,0.0046
5,2020,Hemiptera,sucker,45.79883,23,0.23447311459277503,0.006
5,2020,Hemiptera,sucker,45.79883,23,0.3212346975282222,0.006
5,2020,Hemiptera,sucker,45.79883,23,0.3689369424737412,0.006
5,2020,Hemiptera,sucker,45.79883,23,0.34216380388207585,0.006
5,2020,Hemiptera,sucker,45.79883,23,0.33823290311828086,0.006
5,2020,Hemiptera,sucker,45.79883,23,0.36385572510892716,0.006
5,2020,Hemiptera,sucker,45.79883,23,0.30990172142185307,0.006
5,2020,Hemiptera,sucker,45.79883,23,0.30891923844249103,0.006
5,2020,Hemiptera,sucker,45.79883,23,0.30210130120275286,0.006
5,2020,Hemiptera,sucker,45.79883,23,0.30611274172937547,0.006
5,2020,Hemiptera,sucker,45.79883,23,0.31061942189097197,0.006
5,2020,Hemiptera,sucker,45.79883,23,0.3724343483912387,0.006
5,2020,Hemiptera,sucker,45.79883,23,0.32865401956096524,0.006
5,2020,Hemiptera,sucker,45.79883,23,0.32090979163352573,0.006
5,2020,Hemiptera,sucker,45.79883,23,0.3281816880936006,0.006
5,2020,Hemiptera,sucker,45.79883,23,0.3020995895071766,0.006
5,2020,Hemiptera,sucker,45.79883,23,0.2607661372315482,0.006
5,2020,Hemiptera,sucker,45.79883,23,0.28827678777010807,0.006
5,2020,Hemiptera,sucker,45.79883,23,0.3185210063838701,0.006
5,2020,Hemiptera,sucker,45.79883,23,0.29560642383908414,0.006
5,2020,Hemiptera,sucker,45.79883,23,0.3214364782508291,0.006
5,2020,Hemiptera,sucker,45.79883,23,0.3258546064518082,0.006
5,2020,Hemiptera,sucker,45.79883,23,0.32949042496082537,0.006
5,2020,Hemiptera,sucker,45.79883,23,0.35995730664523184,0.006
5,2020,Hemiptera,sucker,45.79883,23,0.3198809814644557,0.006
5,2020,Hemiptera,sucker,45.79883,23,0.26589805137202194,0.006
5,2020,Hemiptera,sucker,45.79883,23,0.3421196414251669,0.006
5,2020,Hemiptera,sucker,45.79883,23,0.29696813551386064,0.006
5,2020,Hemiptera,sucker,45.79883,23,0.2754526771508128,0.006
5,2020,Hemiptera,sucker,45.79883,23,0.27868452220726164,0.006
5,2020,Hemiptera,sucker,45.79883,23,0.3737557707551418,0.006
5,2020,Hemiptera,sucker,45.79883,28,0.3264458990837575,0.0135
5,2020,Hemiptera,sucker,45.79883,28,0.3564477098355963,0.0135
5,2020,Hemiptera,sucker,45.79883,28,0.45574005226120073,0.0135
5,2020,Hemiptera,sucker,45.79883,28,0.39629044374849703,0.0135
5,2020,Hemiptera,sucker,45.79883,28,0.3601836975088434,0.0135
5,2020,Hemiptera,sucker,45.79883,28,0.3680929276033698,0.0135
5,2020,Hemiptera,sucker,45.79883,28,0.28527774700330505,0.0135
5,2020,Hemiptera,sucker,45.79883,28,0.2507905736811588,0.0135
5,2020,Hemiptera,sucker,45.79883,28,0.4939896765869414,0.0135
5,2020,Hemiptera,sucker,45.79883,28,0.3017462792009084,0.0135
5,2020,Hemiptera,sucker,45.79883,28,0.3859574218719639,0.0135
5,2020,Hemiptera,sucker,45.79883,28,0.3548395578204996,0.0135
5,2020,Hemiptera,sucker,45.79883,28,0.15835356652753307,0.0135
5,2020,Hemiptera,sucker,45.79883,28,0.41836400499553916,0.0135
5,2020,Hemiptera,sucker,45.79883,28,0.2829977839578291,0.0135
5,2020,Hemiptera,sucker,45.79883,28,0.3108082654135378,0.0135
5,2020,Hemiptera,sucker,45.79883,28,0.33880889392015806,0.0135
5,2020,Hemiptera,sucker,45.79883,28,0.33217888616704566,0.0135
5,2020,Hemiptera,sucker,45.79883,28,0.3215613449557165,0.0135
5,2020,Hemiptera,sucker,45.79883,28,0.2676471608528701,0.0135
5,2020,Hemiptera,sucker,45.79883,28,0.3735041380206954,0.0135
5,2020,Hemiptera,sucker,45.79883,28,0.39578601100563887,0.0135
5,2020,Hemiptera,sucker,45.79883,28,0.2680959446583508,0.0135
5,2020,Hemiptera,sucker,45.79883,28,0.2794656959866971,0.0135
5,2020,Hemiptera,sucker,45.79883,28,0.3284965012346857,0.0135
5,2020,Hemiptera,sucker,45.79883,28,0.3319298160976607,0.0135
6,2020,Lepidoptera,borer,24.72263,22,0.06827089140646184,0.01
6,2020,Lepidoptera,borer,24.72263,22,0.07999267977855672,0.01
6,2020,Lepidoptera,borer,24.72263,22,0.1234103495388802,0.01
6,2020,Lepidoptera,borer,24.72263,22,0.13548029168039732,0.01
6,2020,Lepidoptera,borer,24.72263,22,0.13762170081265723,0.01
6,2020,Lepidoptera,borer,24.72263,22,0.07565026702925236,0.01
6,2020,Lepidoptera,borer,24.72263,22,0.07874086304772197,0.01
6,2020,Lepidoptera,borer,24.72263,22,0.04251994802898669,0.01
6,2020,Lepidoptera,borer,24.72263,22,0.07295357593453064,0.01
6,2020,Lepidoptera,borer,24.72263,22,0.17408018770058545,0.01
6,2020,Lepidoptera,borer,24.72263,22,0.11208657153656482,0.01
6,2020,Lepidoptera,borer,24.72263,22,0.06954763037397571,0.01
6,2020,Lepidoptera,borer,24.72263,22,0.029878149081426886,0.01
6,2020,Lepidoptera,borer,24.72263,22,0.06986875057070627,0.01
6,2020,Lepidoptera,borer,24.72263,22,0.07989814347929591,0.01
6,2020,Lepidoptera,borer,24.72263,24,0.18193396572615386,0.01
6,2020,Lepidoptera,borer,24.72263,24,0.05403330549434546,0.01
6,2020,Lepidoptera,borer,24.72263,24,0.16131178836428617,0.01
6,2020,Lepidoptera,borer,24.72263,24,0.11255322437000671,0.01
6,2020,Lepidoptera,borer,24.72263,24,0.09442828906496499,0.01
6,2020,Lepidoptera,borer,24.72263,24,0.0702937815825,0.01
6,2020,Lepidoptera,borer,24.72263,24,0.11943533688564537,0.01
6,2020,Lepidoptera,borer,24.72263,24,0.05902097183271833,0.01
6,2020,Lepidoptera,borer,24.72263,24,0.06792329275871035,0.01
6,2020,Lepidoptera,borer,24.72263,24,0.10211978427811225,0.01
6,2020,Lepidoptera,borer,24.72263,24,0.134035950422666,0.01
6,2020,Lepidoptera,borer,24.72263,24,0.11945085681919992,0.01
6,2020,Lepidoptera,borer,24.72263,24,0.13675383814599235,0.01
6,2020,Lepidoptera,borer,24.72263,24,0.13747186719655877,0.01
6,2020,Lepidoptera,borer,24.72263,24,0.15203643533388292,0.01
6,2020,Lepidoptera,borer,24.72263,24,0.08018937243224772,0.01
6,2020,Lepidoptera,borer,24.72263,24,0.03425154026740067,0.01
6,2020,Lepidoptera,borer,24.72263,24,0.16275639902460828,0.01
6,2020,Lepidoptera,borer,24.72263,26,0.044478803931404326,0.01
6,2020,Lepidoptera,borer,24.72263,26,0.13487963518648322,0.01
6,2020,Lepidoptera,borer,24.72263,26,0.0919355353637951,0.01
6,2020,Lepidoptera,borer,24.72263,26,0.06735129248473518,0.01
6,2020,Lepidoptera,borer,24.72263,26,0.15523852976059674,0.01
6,2020,Lepidoptera,borer,24.72263,26,0.11537455031502798,0.01
6,2020,Lepidoptera,borer,24.72263,26,0.14436918424756842,0.01
6,2020,Lepidoptera,borer,24.72263,26,0.1328766653141442,0.01
6,2020,Lepidoptera,borer,24.72263,26,0.16553642268659413,0.01
6,2020,Lepidoptera,borer,24.72263,26,0.17262992410659173,0.01
6,2020,Lepidoptera,borer,24.72263,26,0.198067355204155,0.01
6,2020,Lepidoptera,borer,24.72263,26,0.09600512092990612,0.01
6,2020,Lepidoptera,borer,24.72263,26,0.1282117573657201,0.01
6,2020,Lepidoptera,borer,24.72263,26,0.07170370581490704,0.01
6,2020,Lepidoptera,borer,24.72263,26,0.05294091487986427,0.01
6,2020,Lepidoptera,borer,24.72263,26,0.07910873517103717,0.01
6,2020,Lepidoptera,borer,24.72263,26,0.16168604184054672,0.01
6,2020,Lepidoptera,borer,24.72263,26,0.14947679583696946,0.01
6,2020,Lepidoptera,borer,24.72263,26,0.11812902955995289,0.01
6,2020,Lepidoptera,borer,24.72263,28,0.134002261450258,0.01
6,2020,Lepidoptera,borer,24.72263,28,0.14292245733114617,0.01
6,2020,Lepidoptera,borer,24.72263,28,0.20566199782630085,0.01
6,2020,Lepidoptera,borer,24.72263,28,0.11917750725944687,0.01
6,2020,Lepidoptera,borer,24.72263,28,0.10605382938821384,0.01
6,2020,Lepidoptera,borer,24.72263,28,0.19636950774315862,0.01
6,2020,Lepidoptera,borer,24.72263,28,0.11832111667753091,0.01
6,2020,Lepidoptera,borer,24.72263,28,0.12069352313546927,0.01
6,2020,Lepidoptera,borer,24.72263,28,0.13480584427343134,0.01
6,2020,Lepidoptera,borer,24.72263,28,0.11732311917897774,0.01
6,2020,Lepidoptera,borer,24.72263,28,0.10757511936161424,0.01
6,2020,Lepidoptera,borer,24.72263,28,0.11355000153407513,0.01
6,2020,Lepidoptera,borer,24.72263,28,0.1408148564823109,0.01
6,2020,Lepidoptera,borer,24.72263,28,0.1658433301603381,0.01
6,2020,Lepidoptera,borer,24.72263,28,0.11496600423086617,0.01
6,2020,Lepidoptera,borer,24.72263,28,0.12613910696179842,0.01
6,2020,Lepidoptera,borer,24.72263,28,0.03790956636118373,0.01
6,2020,Lepidoptera,borer,24.72263,28,0.17600070624784683,0.01
6,2020,Lepidoptera,borer,24.72263,28,0.24612168447848143,0.01
6,2020,Lepidoptera,borer,24.72263,28,0.17574845991755164,0.01
6,2020,Lepidoptera,borer,24.72263,30,0.14477460665898695,0.01
6,2020,Lepidoptera,borer,24.72263,30,0.11916364252623245,0.01
6,2020,Lepidoptera,borer,24.72263,30,0.1713920806843801,0.01
6,2020,Lepidoptera,borer,24.72263,30,0.11373011708911997,0.01
6,2020,Lepidoptera,borer,24.72263,30,0.09448450820671239,0.01
6,2020,Lepidoptera,borer,24.72263,30,0.14596125002043803,0.01
6,2020,Lepidoptera,borer,24.72263,30,0.1779951603839863,0.01
6,2020,Lepidoptera,borer,24.72263,30,0.2045790797927739,0.01
6,2020,Lepidoptera,borer,24.72263,30,0.040713689276141135,0.01
6,2020,Lepidoptera,borer,24.72263,30,0.09540170795000223,0.01
6,2020,Lepidoptera,borer,24.72263,30,0.09991497393637219,0.01
6,2020,Lepidoptera,borer,24.72263,30,0.10118053798300686,0.01
6,2020,Lepidoptera,borer,24.72263,30,0.18295529687432233,0.01
6,2020,Lepidoptera,borer,24.72263,30,0.09976212255595174,0.01
6,2020,Lepidoptera,borer,24.72263,30,0.12252821124127938,0.01
6,2020,Lepidoptera,borer,24.72263,30,0.11489937185018531,0.01
6,2020,Lepidoptera,borer,24.72263,30,0.19215347134576585,0.01
6,2020,Lepidoptera,borer,24.72263,30,0.1184101716243428,0.01
7,2020,Hemiptera,sucker,43.17003,20,0.029068812502272015,1e-4
7,2020,Hemiptera,sucker,43.17003,20,0.028265279618622616,1e-4
7,2020,Hemiptera,sucker,43.17003,20,0.02734902327267653,1e-4
7,2020,Hemiptera,sucker,43.17003,20,0.02933303719825536,1e-4
7,2020,Hemiptera,sucker,43.17003,20,0.02782367820543827,1e-4
7,2020,Hemiptera,sucker,43.17003,20,0.028111765198101213,1e-4
7,2020,Hemiptera,sucker,43.17003,20,0.028788276288001114,1e-4
7,2020,Hemiptera,sucker,43.17003,20,0.028428820116673935,1e-4
7,2020,Hemiptera,sucker,43.17003,20,0.028624170995174093,1e-4
7,2020,Hemiptera,sucker,43.17003,20,0.028591956559439986,1e-4
7,2020,Hemiptera,sucker,43.17003,20,0.028929629429399372,1e-4
7,2020,Hemiptera,sucker,43.17003,20,0.028808724836112395,1e-4
7,2020,Hemiptera,sucker,43.17003,20,0.029090511285320645,1e-4
7,2020,Hemiptera,sucker,43.17003,20,0.027784012579927127,1e-4
7,2020,Hemiptera,sucker,43.17003,20,0.028748086849080794,1e-4
7,2020,Hemiptera,sucker,43.17003,20,0.029307719639363496,1e-4
7,2020,Hemiptera,sucker,43.17003,20,0.029060811266063365,1e-4
7,2020,Hemiptera,sucker,43.17003,20,0.028532156702602087,1e-4
7,2020,Hemiptera,sucker,43.17003,20,0.028870486189068057,1e-4
7,2020,Hemiptera,sucker,43.17003,20,0.029576175223124564,1e-4
7,2020,Hemiptera,sucker,43.17003,20,0.029273787806992264,1e-4
7,2020,Hemiptera,sucker,43.17003,20,0.028335575578564184,1e-4
7,2020,Hemiptera,sucker,43.17003,20,0.028186253602357107,1e-4
7,2020,Hemiptera,sucker,43.17003,20,0.029054628021890454,1e-4
7,2020,Hemiptera,sucker,43.17003,20,0.028611417586410465,1e-4
7,2020,Hemiptera,sucker,43.17003,20,0.027668764201092745,1e-4
7,2020,Hemiptera,sucker,43.17003,20,0.02840232097872011,1e-4
7,2020,Hemiptera,sucker,43.17003,20,0.02821960957436332,1e-4
7,2020,Hemiptera,sucker,43.17003,20,0.02855450869489233,1e-4
7,2020,Hemiptera,sucker,43.17003,23,0.06120003891188795,1e-4
7,2020,Hemiptera,sucker,43.17003,23,0.06020719177422344,1e-4
7,2020,Hemiptera,sucker,43.17003,23,0.06005094355813579,1e-4
7,2020,Hemiptera,sucker,43.17003,23,0.059256862998305154,1e-4
7,2020,Hemiptera,sucker,43.17003,23,0.05974777615607213,1e-4
7,2020,Hemiptera,sucker,43.17003,23,0.06113627428407328,1e-4
7,2020,Hemiptera,sucker,43.17003,23,0.06101631398270404,1e-4
7,2020,Hemiptera,sucker,43.17003,23,0.06085434553756354,1e-4
7,2020,Hemiptera,sucker,43.17003,23,0.06087766272661003,1e-4
7,2020,Hemiptera,sucker,43.17003,23,0.06078986459977393,1e-4
7,2020,Hemiptera,sucker,43.17003,23,0.0600850145923574,1e-4
7,2020,Hemiptera,sucker,43.17003,23,0.060722390187258085,1e-4
7,2020,Hemiptera,sucker,43.17003,23,0.06116743851281964,1e-4
7,2020,Hemiptera,sucker,43.17003,23,0.060820601521194007,1e-4
7,2020,Hemiptera,sucker,43.17003,23,0.05983052361174563,1e-4
7,2020,Hemiptera,sucker,43.17003,23,0.060195263354685634,1e-4
7,2020,Hemiptera,sucker,43.17003,23,0.060643934875117385,1e-4
7,2020,Hemiptera,sucker,43.17003,23,0.060923828243313806,1e-4
7,2020,Hemiptera,sucker,43.17003,23,0.06080674530110973,1e-4
7,2020,Hemiptera,sucker,43.17003,23,0.06125310353663817,1e-4
7,2020,Hemiptera,sucker,43.17003,23,0.06089716469856511,1e-4
7,2020,Hemiptera,sucker,43.17003,23,0.06060070563418881,1e-4
7,2020,Hemiptera,sucker,43.17003,23,0.06023781407195473,1e-4
7,2020,Hemiptera,sucker,43.17003,23,0.060943480889453366,1e-4
7,2020,Hemiptera,sucker,43.17003,23,0.05976877564836076,1e-4
7,2020,Hemiptera,sucker,43.17003,23,0.06062143899119741,1e-4
7,2020,Hemiptera,sucker,43.17003,23,0.06029959178328485,1e-4
7,2020,Hemiptera,sucker,43.17003,23,0.060863072413355694,1e-4
7,2020,Hemiptera,sucker,43.17003,23,0.061581837604050525,1e-4
7,2020,Hemiptera,sucker,43.17003,27,0.0877545895666412,1e-4
7,2020,Hemiptera,sucker,43.17003,27,0.08815898695391668,1e-4
7,2020,Hemiptera,sucker,43.17003,27,0.0874559265296738,1e-4
7,2020,Hemiptera,sucker,43.17003,27,0.08777698174361441,1e-4
7,2020,Hemiptera,sucker,43.17003,27,0.08697131154428449,1e-4
7,2020,Hemiptera,sucker,43.17003,27,0.08702946056219732,1e-4
7,2020,Hemiptera,sucker,43.17003,27,0.0871586765216621,1e-4
7,2020,Hemiptera,sucker,43.17003,27,0.08751799395902707,1e-4
7,2020,Hemiptera,sucker,43.17003,27,0.08820925061364694,1e-4
7,2020,Hemiptera,sucker,43.17003,27,0.08822105539765783,1e-4
7,2020,Hemiptera,sucker,43.17003,27,0.0876684030359063,1e-4
7,2020,Hemiptera,sucker,43.17003,27,0.08708847245383498,1e-4
7,2020,Hemiptera,sucker,43.17003,27,0.08698000847299522,1e-4
7,2020,Hemiptera,sucker,43.17003,27,0.08751392674897018,1e-4
7,2020,Hemiptera,sucker,43.17003,27,0.08788045338213546,1e-4
7,2020,Hemiptera,sucker,43.17003,27,0.08794155869242494,1e-4
7,2020,Hemiptera,sucker,43.17003,27,0.08748778956421542,1e-4
7,2020,Hemiptera,sucker,43.17003,27,0.08763447962199408,1e-4
7,2020,Hemiptera,sucker,43.17003,27,0.08712796727901628,1e-4
7,2020,Hemiptera,sucker,43.17003,27,0.0889180659922424,1e-4
7,2020,Hemiptera,sucker,43.17003,27,0.08723505701025702,1e-4
7,2020,Hemiptera,sucker,43.17003,27,0.08710750338367208,1e-4
7,2020,Hemiptera,sucker,43.17003,27,0.08747791545554734,1e-4
7,2020,Hemiptera,sucker,43.17003,27,0.08808416551446639,1e-4
7,2020,Hemiptera,sucker,43.17003,30,0.0783559845409459,1e-4
7,2020,Hemiptera,sucker,43.17003,30,0.0784828906631951,1e-4
7,2020,Hemiptera,sucker,43.17003,30,0.08026248173617527,1e-4
7,2020,Hemiptera,sucker,43.17003,30,0.07984705304954601,1e-4
7,2020,Hemiptera,sucker,43.17003,30,0.07901904171046581,1e-4
7,2020,Hemiptera,sucker,43.17003,30,0.08059240773000638,1e-4
7,2020,Hemiptera,sucker,43.17003,30,0.07886516095540773,1e-4
7,2020,Hemiptera,sucker,43.17003,30,0.0791470700572313,1e-4
7,2020,Hemiptera,sucker,43.17003,30,0.07845383318749019,1e-4
7,2020,Hemiptera,sucker,43.17003,30,0.07973719019550045,1e-4
7,2020,Hemiptera,sucker,43.17003,30,0.07974627379315453,1e-4
7,2020,Hemiptera,sucker,43.17003,30,0.07879852063111607,1e-4
7,2020,Hemiptera,sucker,43.17003,30,0.08005189456840288,1e-4
7,2020,Hemiptera,sucker,43.17003,30,0.08012032692823798,1e-4
7,2020,Hemiptera,sucker,43.17003,30,0.07872304126112696,1e-4
7,2020,Hemiptera,sucker,43.17003,30,0.07852958227051332,1e-4
7,2020,Hemiptera,sucker,43.17003,30,0.07989146862290611,1e-4
7,2020,Hemiptera,sucker,43.17003,30,0.07904113706160591,1e-4
7,2020,Hemiptera,sucker,43.17003,30,0.0782904551362971,1e-4
7,2020,Hemiptera,sucker,43.17003,30,0.08008356065285342,1e-4
7,2020,Hemiptera,sucker,43.17003,30,0.08030293564881888,1e-4
7,2020,Hemiptera,sucker,43.17003,30,0.08004666393864214,1e-4
7,2020,Hemiptera,sucker,43.17003,30,0.07947635295766822,1e-4
7,2020,Hemiptera,sucker,43.17003,30,0.079471230425879,1e-4
7,2020,Hemiptera,sucker,43.17003,30,0.07959919850236732,1e-4
7,2020,Hemiptera,sucker,43.17003,30,0.07923992459861125,1e-4
7,2020,Hemiptera,sucker,43.17003,30,0.07998099926719084,1e-4
7,2020,Hemiptera,sucker,43.17003,30,0.080258122445412,1e-4
7,2020,Hemiptera,sucker,43.17003,30,0.07893931944343241,1e-4
7,2020,Hemiptera,sucker,43.17003,30,0.07995968642860225,1e-4
7,2020,Hemiptera,sucker,43.17003,30,0.0800121669104452,1e-4
7,2020,Hemiptera,sucker,43.17003,30,0.07930312853541159,1e-4
7,2020,Hemiptera,sucker,43.17003,30,0.0794851263655479,1e-4
7,2020,Hemiptera,sucker,43.17003,30,0.07963067296148983,1e-4
7,2020,Hemiptera,sucker,43.17003,30,0.07882054643174083,1e-4
7,2020,Hemiptera,sucker,43.17003,30,0.0777375116137329,1e-4
7,2020,Hemiptera,sucker,43.17003,30,0.07878345252239075,1e-4
7,2020,Hemiptera,sucker,43.17003,30,0.0797050569730944,1e-4
7,2020,Hemiptera,sucker,43.17003,30,0.07907570758601482,1e-4
7,2020,Hemiptera,sucker,43.17003,30,0.07888206572115483,1e-4
7,2020,Hemiptera,sucker,43.17003,30,0.07862160633212194,1e-4
7,2020,Hemiptera,sucker,43.17003,30,0.078380159011159245,1e-4
7,2020,Hemiptera,sucker,43.17003,30,0.08096767223440562,1e-4
7,2020,Hemiptera,sucker,43.17003,30,0.07844982731366117,1e-4
7,2020,Hemiptera,sucker,43.17003,30,0.07992874476417315,1e-4
7,2020,Hemiptera,sucker,43.17003,30,0.08042706377501413,1e-4
7,2020,Hemiptera,sucker,43.17003,30,0.07971228118605711,1e-4
7,2020,Hemiptera,sucker,43.17003,30,0.07940950942867124,1e-4
7,2020,Hemiptera,sucker,43.17003,30,0.07989767822861658,1e-4
7,2020,Hemiptera,sucker,43.17003,30,0.07945621369629396,1e-4
7,2020,Hemiptera,sucker,43.17003,33,0.0504498389105404,0.001
7,2020,Hemiptera,sucker,43.17003,33,0.028522237760693007,0.001
7,2020,Hemiptera,sucker,43.17003,33,0.036838842904685136,0.001
7,2020,Hemiptera,sucker,43.17003,33,0.038198077550149555,0.001
7,2020,Hemiptera,sucker,43.17003,33,0.0361747329819756,0.001
7,2020,Hemiptera,sucker,43.17003,33,0.04413438884878873,0.001
7,2020,Hemiptera,sucker,43.17003,33,0.017690806396695295,0.001
7,2020,Hemiptera,sucker,43.17003,33,0.040705300405422244,0.001
7,2020,Hemiptera,sucker,43.17003,33,0.027250684724160843,0.001
7,2020,Hemiptera,sucker,43.17003,33,0.03803735305403834,0.001
7,2020,Hemiptera,sucker,43.17003,33,0.03209659745170155,0.001
7,2020,Hemiptera,sucker,43.17003,33,0.028249944700739844,0.001
7,2020,Hemiptera,sucker,43.17003,33,0.025130524488547808,0.001
7,2020,Hemiptera,sucker,43.17003,33,0.04587285522792634,0.001
7,2020,Hemiptera,sucker,43.17003,33,0.02523713833917504,0.001
7,2020,Hemiptera,sucker,43.17003,33,0.03982284256726095,0.001
7,2020,Hemiptera,sucker,43.17003,33,0.03824432557121054,0.001
7,2020,Hemiptera,sucker,43.17003,33,0.04638772155843594,0.001
7,2020,Hemiptera,sucker,43.17003,33,0.032970697611755535,0.001
7,2020,Hemiptera,sucker,43.17003,33,0.02831242268459212,0.001
7,2020,Hemiptera,sucker,43.17003,33,0.0351804942987011,0.001
7,2020,Hemiptera,sucker,43.17003,33,0.03383794224862981,0.001
7,2020,Hemiptera,sucker,43.17003,33,0.040126587346222355,0.001
7,2020,Hemiptera,sucker,43.17003,33,0.027107046858555257,0.001
7,2020,Hemiptera,sucker,43.17003,33,0.02940338683956964,0.001
7,2020,Hemiptera,sucker,43.17003,33,0.025202935967421965,0.001
7,2020,Hemiptera,sucker,43.17003,33,0.04019720094994972,0.001
7,2020,Hemiptera,sucker,43.17003,33,0.04927533732978999,0.001
7,2020,Hemiptera,sucker,43.17003,33,0.025748613047409316,0.001
7,2020,Hemiptera,sucker,43.17003,33,0.03546885300459329,0.001
7,2020,Hemiptera,sucker,43.17003,33,0.02692242426200946,0.001
7,2020,Hemiptera,sucker,43.17003,33,0.03427109819878778,0.001
7,2020,Hemiptera,sucker,43.17003,33,0.038730531402043,0.001
7,2020,Hemiptera,sucker,43.17003,33,0.013225003303953667,0.001
7,2020,Hemiptera,sucker,43.17003,33,0.037811893049754054,0.001
7,2020,Hemiptera,sucker,43.17003,33,0.03456641179482356,0.001
7,2020,Hemiptera,sucker,43.17003,33,0.03230104315965958,0.001
7,2020,Hemiptera,sucker,43.17003,33,0.03820409268421486,0.001
7,2020,Hemiptera,sucker,43.17003,33,0.038486447144595017,0.001
7,2020,Hemiptera,sucker,43.17003,33,0.0445376827728918,0.001
7,2020,Hemiptera,sucker,43.17003,33,0.04381019304135711,0.001
7,2020,Hemiptera,sucker,43.17003,33,0.024647332693530165,0.001
7,2020,Hemiptera,sucker,43.17003,33,0.02903796378845375,0.001
7,2020,Hemiptera,sucker,43.17003,33,0.02869892663880061,0.001
7,2020,Hemiptera,sucker,43.17003,33,0.030496610166685284,0.001
7,2020,Hemiptera,sucker,43.17003,33,0.036516812493865146,0.001
7,2020,Hemiptera,sucker,43.17003,33,0.02974380299976876,0.001
7,2020,Hemiptera,sucker,43.17003,33,0.02799821318905277,0.001
7,2020,Hemiptera,sucker,43.17003,33,0.03592844110237975,0.001
7,2020,Hemiptera,sucker,43.17003,33,0.02128445437308705,0.001
7,2020,Hemiptera,sucker,43.17003,33,0.035952293996045735,0.001
7,2020,Hemiptera,sucker,43.17003,33,0.036491596542370476,0.001
7,2020,Hemiptera,sucker,43.17003,33,0.03252461541814886,0.001
7,2020,Hemiptera,sucker,43.17003,33,0.0363928838248012,0.001
7,2020,Hemiptera,sucker,43.17003,33,0.03152831718505634,0.001
7,2020,Hemiptera,sucker,43.17003,33,0.03641518314452695,0.001
8,2020,Diptera,borer,23.45598,20,0.015873257903016157,0.003
8,2020,Diptera,borer,23.45598,20,0.01082343683923525,0.003
8,2020,Diptera,borer,23.45598,20,0.030410644321318528,0.003
8,2020,Diptera,borer,23.45598,20,0.005052300714502259,0.003
8,2020,Diptera,borer,23.45598,20,0.03292432084188794,0.003
8,2020,Diptera,borer,23.45598,20,0.025012613575754333,0.003
8,2020,Diptera,borer,23.45598,20,0.01874143400120063,0.003
8,2020,Diptera,borer,23.45598,20,0.015195157871570174,0.003
8,2020,Diptera,borer,23.45598,20,0.014548102947082541,0.003
8,2020,Diptera,borer,23.45598,20,0.03141873098443218,0.003
8,2020,Diptera,borer,23.45598,25,0.08070768228569215,0.003
8,2020,Diptera,borer,23.45598,25,0.060204557474600025,0.003
8,2020,Diptera,borer,23.45598,25,0.05923645996440722,0.003
8,2020,Diptera,borer,23.45598,25,0.07844204526199339,0.003
8,2020,Diptera,borer,23.45598,25,0.0632670050186704,0.003
8,2020,Diptera,borer,23.45598,25,0.06292193789197481,0.003
8,2020,Diptera,borer,23.45598,25,0.0693780542067172,0.003
8,2020,Diptera,borer,23.45598,25,0.06287496375999313,0.003
8,2020,Diptera,borer,23.45598,25,0.0804988930584941,0.003
8,2020,Diptera,borer,23.45598,25,0.0824684010774576,0.003
8,2020,Diptera,borer,23.45598,30,0.19979746031605927,1e-4
8,2020,Diptera,borer,23.45598,30,0.19996172298846196,1e-4
8,2020,Diptera,borer,23.45598,30,0.20038678036687355,1e-4
8,2020,Diptera,borer,23.45598,30,0.19988365740779412,1e-4
8,2020,Diptera,borer,23.45598,30,0.1996093446774595,1e-4
8,2020,Diptera,borer,23.45598,30,0.20055105165188844,1e-4
8,2020,Diptera,borer,23.45598,30,0.19990838140914372,1e-4
8,2020,Diptera,borer,23.45598,30,0.19961281532712227,1e-4
8,2020,Diptera,borer,23.45598,30,0.20028242158331142,1e-4
8,2020,Diptera,borer,23.45598,30,0.20000636427188587,1e-4
8,2020,Diptera,borer,23.45598,35,0.0899715934108346,0.003
8,2020,Diptera,borer,23.45598,35,0.0743390361244793,0.003
8,2020,Diptera,borer,23.45598,35,0.0844824010888265,0.003
8,2020,Diptera,borer,23.45598,35,0.06396344719831086,0.003
8,2020,Diptera,borer,23.45598,35,0.09071212936874176,0.003
8,2020,Diptera,borer,23.45598,35,0.08347804545124701,0.003
8,2020,Diptera,borer,23.45598,35,0.07923177195588002,0.003
8,2020,Diptera,borer,23.45598,35,0.0889711913283279,0.003
8,2020,Diptera,borer,23.45598,35,0.07869350410027269,0.003
8,2020,Diptera,borer,23.45598,35,0.06615687997307938,0.003
9,2019,Lepidoptera,chewer,30.19798,15,0.11621620393119686,0.01
9,2019,Lepidoptera,chewer,30.19798,15,0.11396520849698394,0.01
9,2019,Lepidoptera,chewer,30.19798,15,0.06882870232921595,0.01
9,2019,Lepidoptera,chewer,30.19798,15,0.11176207846554245,0.01
9,2019,Lepidoptera,chewer,30.19798,15,0.06823373719851941,0.01
9,2019,Lepidoptera,chewer,30.19798,15,0.11436933907965022,0.01
9,2019,Lepidoptera,chewer,30.19798,15,0.10080122439068918,0.01
9,2019,Lepidoptera,chewer,30.19798,15,0.1174978703251081,0.01
9,2019,Lepidoptera,chewer,30.19798,15,0.170354589638843,0.01
9,2019,Lepidoptera,chewer,30.19798,15,0.11229407868818193,0.01
9,2019,Lepidoptera,chewer,30.19798,15,0.03296448227104182,0.01
9,2019,Lepidoptera,chewer,30.19798,15,0.10299227425852212,0.01
9,2019,Lepidoptera,chewer,30.19798,15,0.02972647739666069,0.01
9,2019,Lepidoptera,chewer,30.19798,15,0.1368684677105229,0.01
9,2019,Lepidoptera,chewer,30.19798,15,0.15545555473988792,0.01
9,2019,Lepidoptera,chewer,30.19798,15,0.13303435348068404,0.01
9,2019,Lepidoptera,chewer,30.19798,15,0.07332763057846535,0.01
9,2019,Lepidoptera,chewer,30.19798,15,0.18571330835347488,0.01
9,2019,Lepidoptera,chewer,30.19798,15,0.08335794487849703,0.01
9,2019,Lepidoptera,chewer,30.19798,15,0.16741434224319227,0.01
9,2019,Lepidoptera,chewer,30.19798,15,0.0472211010456907,0.01
9,2019,Lepidoptera,chewer,30.19798,15,0.1966861552137321,0.01
9,2019,Lepidoptera,chewer,30.19798,15,0.20314080191456463,0.01
9,2019,Lepidoptera,chewer,30.19798,15,0.16355116487232688,0.01
9,2019,Lepidoptera,chewer,30.19798,15,0.1586099567221044,0.01
9,2019,Lepidoptera,chewer,30.19798,15,0.049673486135290115,0.01
9,2019,Lepidoptera,chewer,30.19798,15,0.031876031225402626,0.01
9,2019,Lepidoptera,chewer,30.19798,15,0.15724685466327643,0.01
9,2019,Lepidoptera,chewer,30.19798,15,-0.014607361430745883,0.01
9,2019,Lepidoptera,chewer,30.19798,15,0.1114239411834783,0.01
9,2019,Lepidoptera,chewer,30.19798,20,0.17215984634838644,0.01
9,2019,Lepidoptera,chewer,30.19798,20,0.2032322518997187,0.01
9,2019,Lepidoptera,chewer,30.19798,20,0.13406327161811546,0.01
9,2019,Lepidoptera,chewer,30.19798,20,0.10688908333882588,0.01
9,2019,Lepidoptera,chewer,30.19798,20,0.1037540352516698,0.01
9,2019,Lepidoptera,chewer,30.19798,20,0.17455181959020688,0.01
9,2019,Lepidoptera,chewer,30.19798,20,0.1634235866254567,0.01
9,2019,Lepidoptera,chewer,30.19798,20,0.19748755182311725,0.01
9,2019,Lepidoptera,chewer,30.19798,20,0.134888983515437,0.01
9,2019,Lepidoptera,chewer,30.19798,20,0.20351448622321006,0.01
9,2019,Lepidoptera,chewer,30.19798,20,0.11075067720879436,0.01
9,2019,Lepidoptera,chewer,30.19798,20,0.16699187315253955,0.01
9,2019,Lepidoptera,chewer,30.19798,20,0.14951499595806317,0.01
9,2019,Lepidoptera,chewer,30.19798,20,0.14348469619907647,0.01
9,2019,Lepidoptera,chewer,30.19798,20,0.2826370799894714,0.01
9,2019,Lepidoptera,chewer,30.19798,20,0.13124913334883723,0.01
9,2019,Lepidoptera,chewer,30.19798,20,0.11441721319782332,0.01
9,2019,Lepidoptera,chewer,30.19798,20,0.1703019511324003,0.01
9,2019,Lepidoptera,chewer,30.19798,20,0.264240338813694,0.01
9,2019,Lepidoptera,chewer,30.19798,20,0.2116236421265921,0.01
9,2019,Lepidoptera,chewer,30.19798,20,0.25298756152307145,0.01
9,2019,Lepidoptera,chewer,30.19798,20,0.15872608033486893,0.01
9,2019,Lepidoptera,chewer,30.19798,20,0.13342279724520067,0.01
9,2019,Lepidoptera,chewer,30.19798,20,0.15044150815753032,0.01
9,2019,Lepidoptera,chewer,30.19798,20,0.2826252328200267,0.01
9,2019,Lepidoptera,chewer,30.19798,20,0.0844435791680154,0.01
9,2019,Lepidoptera,chewer,30.19798,20,0.18543510508805572,0.01
9,2019,Lepidoptera,chewer,30.19798,20,0.20134521286063206,0.01
9,2019,Lepidoptera,chewer,30.19798,20,0.08446085355270516,0.01
9,2019,Lepidoptera,chewer,30.19798,20,0.22693555188845818,0.01
9,2019,Lepidoptera,chewer,30.19798,25,0.255977540057659,0.02
9,2019,Lepidoptera,chewer,30.19798,25,0.1996592924620596,0.02
9,2019,Lepidoptera,chewer,30.19798,25,0.03321716938931896,0.02
9,2019,Lepidoptera,chewer,30.19798,25,0.22638209289448505,0.02
9,2019,Lepidoptera,chewer,30.19798,25,0.3792235916750206,0.02
9,2019,Lepidoptera,chewer,30.19798,25,0.10893598600927053,0.02
9,2019,Lepidoptera,chewer,30.19798,25,0.3111216314717819,0.02
9,2019,Lepidoptera,chewer,30.19798,25,0.13770146029815916,0.02
9,2019,Lepidoptera,chewer,30.19798,25,0.06916120071640905,0.02
9,2019,Lepidoptera,chewer,30.19798,25,0.13187924886749638,0.02
9,2019,Lepidoptera,chewer,30.19798,25,0.14153797252077555,0.02
9,2019,Lepidoptera,chewer,30.19798,25,0.3101713958425659,0.02
9,2019,Lepidoptera,chewer,30.19798,25,0.22932345343547333,0.02
9,2019,Lepidoptera,chewer,30.19798,25,0.390301765405822,0.02
9,2019,Lepidoptera,chewer,30.19798,25,0.12135888053588206,0.02
9,2019,Lepidoptera,chewer,30.19798,25,0.24792646943123778,0.02
9,2019,Lepidoptera,chewer,30.19798,25,0.36723557346301616,0.02
9,2019,Lepidoptera,chewer,30.19798,25,0.4006710751070184,0.02
9,2019,Lepidoptera,chewer,30.19798,25,0.273230693774033,0.02
9,2019,Lepidoptera,chewer,30.19798,25,0.003093017904968215,0.02
9,2019,Lepidoptera,chewer,30.19798,25,0.14558897247339567,0.02
9,2019,Lepidoptera,chewer,30.19798,25,0.25412108682655754,0.02
9,2019,Lepidoptera,chewer,30.19798,25,0.08574885006382243,0.02
9,2019,Lepidoptera,chewer,30.19798,25,0.35873253182232473,0.02
9,2019,Lepidoptera,chewer,30.19798,25,0.2057876036580186,0.02
9,2019,Lepidoptera,chewer,30.19798,25,0.20448636538304707,0.02
9,2019,Lepidoptera,chewer,30.19798,25,0.28690857647202916,0.02
9,2019,Lepidoptera,chewer,30.19798,25,0.20037607238456084,0.02
9,2019,Lepidoptera,chewer,30.19798,25,0.35362712545194697,0.02
9,2019,Lepidoptera,chewer,30.19798,25,0.16651330420184418,0.02
9,2019,Lepidoptera,chewer,30.19798,30,0.1895453841453203,0.02
9,2019,Lepidoptera,chewer,30.19798,30,0.44773059711563623,0.02
9,2019,Lepidoptera,chewer,30.19798,30,0.3555941670809829,0.02
9,2019,Lepidoptera,chewer,30.19798,30,0.3950105457897721,0.02
9,2019,Lepidoptera,chewer,30.19798,30,0.19840594391107974,0.02
9,2019,Lepidoptera,chewer,30.19798,30,0.310577026549053,0.02
9,2019,Lepidoptera,chewer,30.19798,30,0.40336512774233885,0.02
9,2019,Lepidoptera,chewer,30.19798,30,0.375934683223468,0.02
9,2019,Lepidoptera,chewer,30.19798,30,0.06821526584478055,0.02
9,2019,Lepidoptera,chewer,30.19798,30,0.3636516771339749,0.02
9,2019,Lepidoptera,chewer,30.19798,30,0.10789245813032619,0.02
9,2019,Lepidoptera,chewer,30.19798,30,0.19675385226403083,0.02
9,2019,Lepidoptera,chewer,30.19798,30,0.29995410925270893,0.02
9,2019,Lepidoptera,chewer,30.19798,30,0.3472733451169395,0.02
9,2019,Lepidoptera,chewer,30.19798,30,0.2678038994621247,0.02
9,2019,Lepidoptera,chewer,30.19798,30,0.10364922889674844,0.02
9,2019,Lepidoptera,chewer,30.19798,30,0.3844443201593496,0.02
9,2019,Lepidoptera,chewer,30.19798,30,0.21343561902890332,0.02
9,2019,Lepidoptera,chewer,30.19798,30,0.27831446583162167,0.02
9,2019,Lepidoptera,chewer,30.19798,30,0.09519237595721883,0.02
9,2019,Lepidoptera,chewer,30.19798,30,0.17323719411821614,0.02
9,2019,Lepidoptera,chewer,30.19798,30,0.14716777150410765,0.02
9,2019,Lepidoptera,chewer,30.19798,30,0.27020789197761025,0.02
9,2019,Lepidoptera,chewer,30.19798,30,0.32294710798777965,0.02
9,2019,Lepidoptera,chewer,30.19798,30,0.09291026068131081,0.02
9,2019,Lepidoptera,chewer,30.19798,30,0.30731606349002316,0.02
9,2019,Lepidoptera,chewer,30.19798,30,0.30005865884392985,0.02
9,2019,Lepidoptera,chewer,30.19798,30,0.20068024037588214,0.02
9,2019,Lepidoptera,chewer,30.19798,30,0.1114235644065742,0.02
9,2019,Lepidoptera,chewer,30.19798,30,0.1713071539781877,0.02
10,2019,Diptera,borer,23.97394,28.6,0.33270718124112564,0.0514285714285715
10,2019,Diptera,borer,23.97394,28.6,0.05038100623620971,0.0514285714285715
10,2019,Diptera,borer,23.97394,28.6,0.41790892565420223,0.0514285714285715
10,2019,Diptera,borer,23.97394,28.6,0.28480879460035347,0.0514285714285715
10,2019,Diptera,borer,23.97394,28.6,0.19201733343822586,0.0514285714285715
10,2019,Diptera,borer,23.97394,28.6,0.4099086304173626,0.0514285714285715
10,2019,Diptera,borer,23.97394,28.6,-0.042333348750971944,0.0514285714285715
10,2019,Diptera,borer,23.97394,28.6,0.10938660190209798,0.0514285714285715
10,2019,Diptera,borer,23.97394,28.6,0.5468417971529185,0.0514285714285715
10,2019,Diptera,borer,23.97394,28.6,0.3976328828005542,0.0514285714285715
10,2019,Diptera,borer,23.97394,28.6,0.2260217813442008,0.0514285714285715
10,2019,Diptera,borer,23.97394,28.6,-0.39725641171137166,0.0514285714285715
10,2019,Diptera,borer,23.97394,28.6,0.5328130183206354,0.0514285714285715
10,2019,Diptera,borer,23.97394,28.6,0.5309516819192146,0.0514285714285715
10,2019,Diptera,borer,23.97394,28.6,-0.17157442539245266,0.0514285714285715
10,2019,Diptera,borer,23.97394,28.6,0.2869239723789721,0.0514285714285715
10,2019,Diptera,borer,23.97394,28.6,0.2285910097356722,0.0514285714285715
10,2019,Diptera,borer,23.97394,28.6,-0.5104672808795185,0.0514285714285715
10,2019,Diptera,borer,23.97394,28.6,0.06578443706291022,0.0514285714285715
10,2019,Diptera,borer,23.97394,28.6,0.4976306105233202,0.0514285714285715
10,2019,Diptera,borer,23.97394,28.6,-0.3335113190026497,0.0514285714285715
10,2019,Diptera,borer,23.97394,28.6,-0.24623995821370132,0.0514285714285715
10,2019,Diptera,borer,23.97394,28.6,-0.17353556924866526,0.0514285714285715
10,2019,Diptera,borer,23.97394,28.6,-0.05992875591401889,0.0514285714285715
10,2019,Diptera,borer,23.97394,28.6,0.23922627527977058,0.0514285714285715
10,2019,Diptera,borer,23.97394,28.6,-0.12668707156787296,0.0514285714285715
10,2019,Diptera,borer,23.97394,28.6,0.06303845323060638,0.0514285714285715
10,2019,Diptera,borer,23.97394,28.6,0.14382566537896957,0.0514285714285715
10,2019,Diptera,borer,23.97394,28.6,0.42300962835158906,0.0514285714285715
10,2019,Diptera,borer,23.97394,28.6,0.23960767095141633,0.0514285714285715
10,2019,Diptera,borer,23.97394,28.6,0.13911678276089495,0.0514285714285715
10,2019,Diptera,borer,23.97394,30,0.09235907148790369,0.0108801020408165
10,2019,Diptera,borer,23.97394,30,0.10829443387394855,0.0108801020408165
10,2019,Diptera,borer,23.97394,30,0.10289902994835864,0.0108801020408165
10,2019,Diptera,borer,23.97394,30,0.21397297984439506,0.0108801020408165
10,2019,Diptera,borer,23.97394,30,0.0798118688743429,0.0108801020408165
10,2019,Diptera,borer,23.97394,30,0.0038003637682516023,0.0108801020408165
10,2019,Diptera,borer,23.97394,30,0.16531451603066372,0.0108801020408165
10,2019,Diptera,borer,23.97394,30,0.09857145655944421,0.0108801020408165
10,2019,Diptera,borer,23.97394,30,0.3362252962346203,0.0108801020408165
10,2019,Diptera,borer,23.97394,30,0.20906846226629372,0.0108801020408165
10,2019,Diptera,borer,23.97394,30,-0.11288423344846407,0.0108801020408165
10,2019,Diptera,borer,23.97394,30,0.1687957276158538,0.0108801020408165
10,2019,Diptera,borer,23.97394,30,0.21119558024400592,0.0108801020408165
10,2019,Diptera,borer,23.97394,30,0.09621161248461452,0.0108801020408165
10,2019,Diptera,borer,23.97394,30,0.27846516983992475,0.0108801020408165
10,2019,Diptera,borer,23.97394,30,-0.0330304538695646,0.0108801020408165
10,2019,Diptera,borer,23.97394,30,0.05337923804295523,0.0108801020408165
10,2019,Diptera,borer,23.97394,30,0.20328738973229887,0.0108801020408165
10,2019,Diptera,borer,23.97394,30,0.1274286322689222,0.0108801020408165
10,2019,Diptera,borer,23.97394,30,0.18616722122992085,0.0108801020408165
10,2019,Diptera,borer,23.97394,30,0.022183953851984795,0.0108801020408165
10,2019,Diptera,borer,23.97394,30,0.1448851589707825,0.0108801020408165
10,2019,Diptera,borer,23.97394,30,0.17182313528792725,0.0108801020408165
10,2019,Diptera,borer,23.97394,30,0.0789710472743898,0.0108801020408165
10,2019,Diptera,borer,23.97394,30,-0.04183184655043187,0.0108801020408165
10,2019,Diptera,borer,23.97394,30,0.34431600263079765,0.0108801020408165
10,2019,Diptera,borer,23.97394,30,0.12536770279156514,0.0108801020408165
10,2019,Diptera,borer,23.97394,30,0.2692216293464602,0.0108801020408165
10,2019,Diptera,borer,23.97394,30,0.16839901755606393,0.0108801020408165
10,2019,Diptera,borer,23.97394,30,0.22436565145181692,0.0108801020408165
10,2019,Diptera,borer,23.97394,30,0.13792012663925612,0.0108801020408165
10,2019,Diptera,borer,23.97394,30,-0.016657945377424654,0.0108801020408165
10,2019,Diptera,borer,23.97394,30,0.11872328025282966,0.0108801020408165
10,2019,Diptera,borer,23.97394,30,0.06191980018699092,0.0108801020408165
10,2019,Diptera,borer,23.97394,30,0.0552538007539909,0.0108801020408165
10,2019,Diptera,borer,23.97394,30,0.2550803765779771,0.0108801020408165
10,2019,Diptera,borer,23.97394,30,0.2083067967844146,0.0108801020408165
10,2019,Diptera,borer,23.97394,30,0.29819927745361674,0.0108801020408165
10,2019,Diptera,borer,23.97394,30,0.19035222712732255,0.0108801020408165
10,2019,Diptera,borer,23.97394,30,0.22952063451199414,0.0108801020408165
10,2019,Diptera,borer,23.97394,30,0.125553421790139,0.0108801020408165
10,2019,Diptera,borer,23.97394,30,0.13463926365591936,0.0108801020408165
10,2019,Diptera,borer,23.97394,30,0.2902212291155797,0.0108801020408165
10,2019,Diptera,borer,23.97394,30,0.22432645353998337,0.0108801020408165
10,2019,Diptera,borer,23.97394,30,0.13003685327934394,0.0108801020408165
10,2019,Diptera,borer,23.97394,30,0.13892718622509362,0.0108801020408165
10,2019,Diptera,borer,23.97394,30,0.17499941557409482,0.0108801020408165
10,2019,Diptera,borer,23.97394,30,0.14123412317249345,0.0108801020408165
10,2019,Diptera,borer,23.97394,30,0.10226079551164126,0.0108801020408165
10,2019,Diptera,borer,23.97394,30,0.1959237037331212,0.0108801020408165
10,2019,Diptera,borer,23.97394,30,0.19937521381336007,0.0108801020408165
10,2019,Diptera,borer,23.97394,30,0.0802311631407173,0.0108801020408165
10,2019,Diptera,borer,23.97394,30,0.1378315049674361,0.0108801020408165
10,2019,Diptera,borer,23.97394,30,0.07762756399322619,0.0108801020408165
10,2019,Diptera,borer,23.97394,30,0.2564969641200995,0.0108801020408165
10,2019,Diptera,borer,23.97394,30,0.1660955012180168,0.0108801020408165
10,2019,Diptera,borer,23.97394,30,0.15974564685294335,0.0108801020408165
10,2019,Diptera,borer,23.97394,30,0.2283084181228833,0.0108801020408165
10,2019,Diptera,borer,23.97394,30,0.026017604864470148,0.0108801020408165
10,2019,Diptera,borer,23.97394,30,0.09730185189009435,0.0108801020408165
10,2019,Diptera,borer,23.97394,30,0.12035616321496877,0.0108801020408165
10,2019,Diptera,borer,23.97394,30,0.1574987756681689,0.0108801020408165
10,2019,Diptera,borer,23.97394,30,0.2420316984992924,0.0108801020408165
10,2019,Diptera,borer,23.97394,30,0.11938641181751528,0.0108801020408165
10,2019,Diptera,borer,23.97394,30,0.19500615120638626,0.0108801020408165
10,2019,Diptera,borer,23.97394,30,0.22658933929502392,0.0108801020408165
10,2019,Diptera,borer,23.97394,30,0.03600334559436574,0.0108801020408165
10,2019,Diptera,borer,23.97394,30,0.09472104557260733,0.0108801020408165
10,2019,Diptera,borer,23.97394,32.5,-0.14483223597404346,0.016045918367347
10,2019,Diptera,borer,23.97394,32.5,0.06982047035794106,0.016045918367347
10,2019,Diptera,borer,23.97394,32.5,0.27837727427588316,0.016045918367347
10,2019,Diptera,borer,23.97394,32.5,0.18729298402991942,0.016045918367347
10,2019,Diptera,borer,23.97394,32.5,0.034334676455469504,0.016045918367347
10,2019,Diptera,borer,23.97394,32.5,0.03561335490853851,0.016045918367347
10,2019,Diptera,borer,23.97394,32.5,0.1530104610865316,0.016045918367347
10,2019,Diptera,borer,23.97394,32.5,0.09886257230548226,0.016045918367347
10,2019,Diptera,borer,23.97394,32.5,-0.05951408497097225,0.016045918367347
10,2019,Diptera,borer,23.97394,32.5,0.12634596815327462,0.016045918367347
10,2019,Diptera,borer,23.97394,32.5,0.062369208965198035,0.016045918367347
10,2019,Diptera,borer,23.97394,32.5,0.08884325723082787,0.016045918367347
10,2019,Diptera,borer,23.97394,32.5,5.694211223646398e-4,0.016045918367347
10,2019,Diptera,borer,23.97394,32.5,0.27735239846861837,0.016045918367347
10,2019,Diptera,borer,23.97394,32.5,0.10296607199284438,0.016045918367347
10,2019,Diptera,borer,23.97394,32.5,0.1682522817110778,0.016045918367347
10,2019,Diptera,borer,23.97394,32.5,0.08151000178006956,0.016045918367347
10,2019,Diptera,borer,23.97394,32.5,-0.10174115253751723,0.016045918367347
10,2019,Diptera,borer,23.97394,32.5,0.04016922955931601,0.016045918367347
10,2019,Diptera,borer,23.97394,32.5,0.17191740920337548,0.016045918367347
10,2019,Diptera,borer,23.97394,32.5,-0.07711358327389065,0.016045918367347
10,2019,Diptera,borer,23.97394,32.5,-0.06501439148212051,0.016045918367347
10,2019,Diptera,borer,23.97394,32.5,-0.049188098595416736,0.016045918367347
10,2019,Diptera,borer,23.97394,32.5,0.16713972333248464,0.016045918367347
10,2019,Diptera,borer,23.97394,32.5,-0.004568674833728421,0.016045918367347
10,2019,Diptera,borer,23.97394,32.5,-0.0912831472149509,0.016045918367347
10,2019,Diptera,borer,23.97394,32.5,-0.10271921690693409,0.016045918367347
10,2019,Diptera,borer,23.97394,32.5,0.09166707206615393,0.016045918367347
10,2019,Diptera,borer,23.97394,32.5,0.02846626158702545,0.016045918367347
10,2019,Diptera,borer,23.97394,32.5,0.227071259222009,0.016045918367347
10,2019,Diptera,borer,23.97394,32.5,-0.021877985911394608,0.016045918367347
10,2019,Diptera,borer,23.97394,32.5,-0.03040674043306766,0.016045918367347
10,2019,Diptera,borer,23.97394,32.5,0.11041712339100693,0.016045918367347
10,2019,Diptera,borer,23.97394,32.5,6.838172989939856e-4,0.016045918367347
10,2019,Diptera,borer,23.97394,32.5,0.02774300076405361,0.016045918367347
10,2019,Diptera,borer,23.97394,32.5,0.14627159300405207,0.016045918367347
10,2019,Diptera,borer,23.97394,32.5,0.14261165155104646,0.016045918367347
10,2019,Diptera,borer,23.97394,32.5,-0.04775621185391834,0.016045918367347
10,2019,Diptera,borer,23.97394,32.5,-0.04370305558696753,0.016045918367347
10,2019,Diptera,borer,23.97394,32.5,0.08703415002972648,0.016045918367347
10,2019,Diptera,borer,23.97394,32.5,0.10856455379822727,0.016045918367347
10,2019,Diptera,borer,23.97394,32.5,0.11642988042299655,0.016045918367347
10,2019,Diptera,borer,23.97394,32.5,0.08773695659337148,0.016045918367347
10,2019,Diptera,borer,23.97394,32.5,-0.2635501163784276,0.016045918367347
10,2019,Diptera,borer,23.97394,32.5,0.07568875174988891,0.016045918367347
10,2019,Diptera,borer,23.97394,32.5,0.20544306596161474,0.016045918367347
10,2019,Diptera,borer,23.97394,32.5,0.2785285387763399,0.016045918367347
10,2019,Diptera,borer,23.97394,32.5,0.2228528302374395,0.016045918367347
10,2019,Diptera,borer,23.97394,32.5,-0.058731374139058885,0.016045918367347
10,2019,Diptera,borer,23.97394,32.5,-0.028953713378628808,0.016045918367347
10,2019,Diptera,borer,23.97394,32.5,0.08939883392921102,0.016045918367347
10,2019,Diptera,borer,23.97394,32.5,0.16925767814866433,0.016045918367347
11,2019,Lepidoptera,borer,23.55065,18,0.15334117664880242,0.012755102040816
11,2019,Lepidoptera,borer,23.55065,18,0.004965999781483876,0.012755102040816
11,2019,Lepidoptera,borer,23.55065,18,0.10350109982105589,0.012755102040816
11,2019,Lepidoptera,borer,23.55065,18,0.14369173084716894,0.012755102040816
11,2019,Lepidoptera,borer,23.55065,18,0.06306892051796836,0.012755102040816
11,2019,Lepidoptera,borer,23.55065,18,0.042572476338654096,0.012755102040816
11,2019,Lepidoptera,borer,23.55065,18,0.08394510104160406,0.012755102040816
11,2019,Lepidoptera,borer,23.55065,18,-0.016776101993382656,0.012755102040816
11,2019,Lepidoptera,borer,23.55065,18,0.10570260316980583,0.012755102040816
11,2019,Lepidoptera,borer,23.55065,18,0.009868878088859723,0.012755102040816
11,2019,Lepidoptera,borer,23.55065,18,0.15298279963975617,0.012755102040816
11,2019,Lepidoptera,borer,23.55065,18,0.03931726970860434,0.012755102040816
11,2019,Lepidoptera,borer,23.55065,18,0.07040205327796294,0.012755102040816
11,2019,Lepidoptera,borer,23.55065,18,0.07278261238525002,0.012755102040816
11,2019,Lepidoptera,borer,23.55065,18,0.047463710170539686,0.012755102040816
11,2019,Lepidoptera,borer,23.55065,18,0.08643970666260846,0.012755102040816
11,2019,Lepidoptera,borer,23.55065,18,0.06690481142153211,0.012755102040816
11,2019,Lepidoptera,borer,23.55065,18,0.0071746801643051555,0.012755102040816
11,2019,Lepidoptera,borer,23.55065,18,0.20421160829573648,0.012755102040816
11,2019,Lepidoptera,borer,23.55065,18,0.1611365920932642,0.012755102040816
11,2019,Lepidoptera,borer,23.55065,18,0.16510693616329983,0.012755102040816
11,2019,Lepidoptera,borer,23.55065,18,0.10219533575512013,0.012755102040816
11,2019,Lepidoptera,borer,23.55065,22,-0.08974758691643825,0.017857142857143
11,2019,Lepidoptera,borer,23.55065,22,0.12367699585873604,0.017857142857143
11,2019,Lepidoptera,borer,23.55065,22,0.11470127029262889,0.017857142857143
11,2019,Lepidoptera,borer,23.55065,22,0.10180935064344723,0.017857142857143
11,2019,Lepidoptera,borer,23.55065,22,0.08081557238095059,0.017857142857143
11,2019,Lepidoptera,borer,23.55065,22,0.060800641017520723,0.017857142857143
11,2019,Lepidoptera,borer,23.55065,22,0.1410147087708786,0.017857142857143
11,2019,Lepidoptera,borer,23.55065,22,0.22308424770662705,0.017857142857143
11,2019,Lepidoptera,borer,23.55065,22,0.22446083450726445,0.017857142857143
11,2019,Lepidoptera,borer,23.55065,22,0.27473107870264724,0.017857142857143
11,2019,Lepidoptera,borer,23.55065,22,0.14744241773036712,0.017857142857143
11,2019,Lepidoptera,borer,23.55065,22,0.2727375861851369,0.017857142857143
11,2019,Lepidoptera,borer,23.55065,22,0.03728586297182955,0.017857142857143
11,2019,Lepidoptera,borer,23.55065,22,0.23996658354231307,0.017857142857143
11,2019,Lepidoptera,borer,23.55065,22,0.079971484590561,0.017857142857143
11,2019,Lepidoptera,borer,23.55065,22,0.25377367296137915,0.017857142857143
11,2019,Lepidoptera,borer,23.55065,22,0.07920548120665238,0.017857142857143
11,2019,Lepidoptera,borer,23.55065,22,0.14578877668506152,0.017857142857143
11,2019,Lepidoptera,borer,23.55065,22,0.18548216027139014,0.017857142857143
11,2019,Lepidoptera,borer,23.55065,22,-0.030025921415182122,0.017857142857143
11,2019,Lepidoptera,borer,23.55065,22,0.05222540098020209,0.017857142857143
11,2019,Lepidoptera,borer,23.55065,22,0.1593578991442815,0.017857142857143
11,2019,Lepidoptera,borer,23.55065,22,0.07188201650579988,0.017857142857143
11,2019,Lepidoptera,borer,23.55065,22,0.3021834822191034,0.017857142857143
11,2019,Lepidoptera,borer,23.55065,22,0.0698136375012006,0.017857142857143
11,2019,Lepidoptera,borer,23.55065,22,0.16871455996791945,0.017857142857143
11,2019,Lepidoptera,borer,23.55065,22,-0.18462288068548446,0.017857142857143
11,2019,Lepidoptera,borer,23.55065,22,-0.05876213087609164,0.017857142857143
11,2019,Lepidoptera,borer,23.55065,22,-0.07892946278834304,0.017857142857143
11,2019,Lepidoptera,borer,23.55065,22,0.2864886925478764,0.017857142857143
11,2019,Lepidoptera,borer,23.55065,22,0.1674609471158611,0.017857142857143
11,2019,Lepidoptera,borer,23.55065,22,0.1276179007694462,0.017857142857143
11,2019,Lepidoptera,borer,23.55065,22,0.3135469839135034,0.017857142857143
11,2019,Lepidoptera,borer,23.55065,22,0.10469849510125315,0.017857142857143
11,2019,Lepidoptera,borer,23.55065,22,0.21373938752540533,0.017857142857143
11,2019,Lepidoptera,borer,23.55065,22,0.16166963847626337,0.017857142857143
11,2019,Lepidoptera,borer,23.55065,22,0.2949714499578454,0.017857142857143
11,2019,Lepidoptera,borer,23.55065,22,0.06613151003839808,0.017857142857143
11,2019,Lepidoptera,borer,23.55065,22,0.34067967715695047,0.017857142857143
11,2019,Lepidoptera,borer,23.55065,22,0.39274583562846976,0.017857142857143
11,2019,Lepidoptera,borer,23.55065,22,-0.061455337022149725,0.017857142857143
11,2019,Lepidoptera,borer,23.55065,22,0.19993322703957095,0.017857142857143
11,2019,Lepidoptera,borer,23.55065,22,0.20418212488083232,0.017857142857143
11,2019,Lepidoptera,borer,23.55065,22,0.31317836676235156,0.017857142857143
11,2019,Lepidoptera,borer,23.55065,22,0.2309780935749097,0.017857142857143
11,2019,Lepidoptera,borer,23.55065,22,0.42132132991424787,0.017857142857143
11,2019,Lepidoptera,borer,23.55065,22,0.17190018265226692,0.017857142857143
11,2019,Lepidoptera,borer,23.55065,22,0.09511851470550647,0.017857142857143
11,2019,Lepidoptera,borer,23.55065,22,0.04509259749058557,0.017857142857143
11,2019,Lepidoptera,borer,23.55065,22,0.02014623808236951,0.017857142857143
11,2019,Lepidoptera,borer,23.55065,22,0.21801640402587602,0.017857142857143
11,2019,Lepidoptera,borer,23.55065,25,0.4542964219534401,0.030612244897959
11,2019,Lepidoptera,borer,23.55065,25,0.48878095210886663,0.030612244897959
11,2019,Lepidoptera,borer,23.55065,25,0.6137912931321435,0.030612244897959
11,2019,Lepidoptera,borer,23.55065,25,0.4038469099018042,0.030612244897959
11,2019,Lepidoptera,borer,23.55065,25,-0.21725054657258316,0.030612244897959
11,2019,Lepidoptera,borer,23.55065,25,0.14694944029654894,0.030612244897959
11,2019,Lepidoptera,borer,23.55065,25,0.051436766002363576,0.030612244897959
11,2019,Lepidoptera,borer,23.55065,25,0.2246058552640456,0.030612244897959
11,2019,Lepidoptera,borer,23.55065,25,0.4720123808486909,0.030612244897959
11,2019,Lepidoptera,borer,23.55065,25,0.3038703781915446,0.030612244897959
11,2019,Lepidoptera,borer,23.55065,25,0.22310342058076102,0.030612244897959
11,2019,Lepidoptera,borer,23.55065,25,0.021951033626950806,0.030612244897959
11,2019,Lepi