order,family,feeding_guild,daylength,lat,lon,id...7,a_est_nls,a_se_nls,Tmin_est_nls,Tmin_se_nls,Tmax_est_nls,Tmax_se_nls,Topt_est,Topt_se_delta,a_est_boot,a_se_boot,Tmin_est_boot,Tmin_se_boot,Tmax_est_boot,Tmax_se_boot,starting_a,starting_Tmin,starting_Tmax,which_signif,id...26,n,family,,
Lepidoptera,Gelechiidae,borer,16,42.6391,2.98067,1,7.83E-05,2.17E-05,3.891281734,4.714917975,33.43635475,0.356288326,27.16822887,0.525189639,7.76E-05,1.49E-05,3.131117648,4.038866238,33.5118354,0.31637017,8.00E-05,4.5,33.5,"a,Tmax",1,40,Gelechiidae,,
Orthoptera,Pyrgomorphidae,chewer,16,36.67087,116.98538,2,2.55E-04,8.99E-05,19.88480805,2.06857001,35.3662411,0.466548803,31.21102523,0.493106294,2.48E-04,4.45E-05,19.71334463,1.052746109,35.47875756,0.237974004,2.50E-04,20,35.5,Tmax,10,15,Pyrgomorphidae,,OJO REVISAR LOS QUE TENGAN POCOS…
Diptera,Drosophilidae,borer,12,-29.84253,-53.76806,3,1.19E-04,1.72E-04,-5.590917741,39.31191916,30.11393851,0.484610854,23.5912902,3.065191001,1.47E-04,9.60E-05,-34.02353048,155.8100963,30.47613217,0.65678724,2.70E-04,10,30,Tmax,100,17,Drosophilidae,,
Lepidoptera,Noctuidae,chewer,NA,28.0079,-16.65571,4,2.97E-04,3.32E-05,5.069285369,1.45038225,28.22056042,0.133471629,23.14571631,0.18476164,2.96E-04,3.08E-05,4.8953569,1.420154305,28.24576035,0.134381348,2.70E-04,4,28.5,all,103,13,Noctuidae,,
Hemiptera,Aphididae,sucker,12,45.79883,126.5304,5,9.16E-05,1.39E-06,13.54246307,0.112928613,30.01223551,0.002751294,25.84480029,0.020212567,9.16E-05,6.74E-07,13.54249498,0.054294834,30.0122101,0.001364283,9.00E-05,13.5,30,all,104,26,Aphididae,,
Lepidoptera,Pyralidae,borer,16,24.72263,90.41868,6,1.16E-04,5.36E-05,17.1277488,3.127593996,38.71609179,2.486766172,33.27912752,1.655297494,1.09E-04,3.62E-05,16.08007378,3.535891736,41.49656744,16.10566943,1.10E-04,17,39,"Tmin,Tmax",105,15,Pyralidae,,
Acari,Tetranychidae,sucker,12,23.42497,120.52254,7,4.43E-04,2.38E-04,2.480844972,6.086613448,31.23857422,3.634755858,25.25175989,2.311449736,4.53E-04,1.78E-04,0.385042835,8.846462137,33.11991772,8.259804464,6.00E-04,5.5,29.5,Tmax,106,12,Tetranychidae,,
Hemiptera,Aphididae,sucker,14,31.31125,-92.44491,8,4.54E-05,4.49E-05,3.970467567,11.80963999,40.9422765,11.94274418,33.17613913,8.53227604,4.76E-05,2.07E-05,0.761032298,14.22066916,50.46921572,59.6971688,8.00E-05,10,36.5,Tmax,107,no,Aphididae,,
Hemiptera,Pentatomidae,sucker,16,43.17003,-107.56853,9,1.22E-04,1.12E-05,17.5270348,0.726617533,35.92073542,0.19895308,31.17465841,0.158164493,1.22E-04,7.05E-06,17.48241836,0.483204305,35.93516462,0.12931257,1.20E-04,17.5,36,all,109,24,Pentatomidae,,
Diptera,Tephritidae,borer,12,23.45598,85.25573,10,1.47E-04,1.52E-06,6.933409753,0.127911275,31.40611794,0.022093637,25.92525951,0.015304305,1.47E-04,7.34E-07,6.930435309,0.062253382,31.40654456,0.010627402,1.80E-04,9,31,all,11,10,Tephritidae,,
Acari,Tetranychidae,sucker,16,35.46669,139.4151,11,1.92E-04,1.02E-05,10.73768292,0.512375745,39.91080913,0.43622918,33.20948308,0.304391901,1.92E-04,6.54E-06,10.7275165,0.328260844,39.92629271,0.28238028,1.90E-04,10.5,40,all,110,24,Tetranychidae,,
Acari,Tetranychidae,sucker,16,33.48421,48.35383,12,2.21E-04,2.12E-05,11.53027933,0.908702934,38.92708899,0.661052096,32.54294083,0.45638889,2.20E-04,1.39E-05,11.4912816,0.593787549,38.96117172,0.441847052,2.20E-04,11.5,39,all,111,no,Tetranychidae,,
Lepidoptera,Plutellidae,chewer,NA,30.19798,71.4725,13,2.44E-04,2.26E-05,11.47962269,0.976409814,37.10543992,0.376087936,31.0922141,0.254678764,2.44E-04,1.42E-05,11.42665005,0.626177483,37.12931795,0.239539145,2.50E-04,11.5,37,all,112,30,Plutellidae,,
Diptera,Tephritidae,borer,14,23.97394,120.98202,14,1.87E-04,1.11E-06,10.09246392,0.057665846,40.80566223,0.055536599,33.83070805,0.039169902,1.87E-04,6.89E-07,10.09224084,0.036358204,40.80618275,0.034495348,2.00E-04,10.5,40,all,113,31,Tephritidae,,
Lepidoptera,Tineidae,borer,14,-23.55065,-46.63338,15,1.85E-04,1.46E-05,10.24780711,0.748396028,41.21152116,0.796706273,34.1747455,0.56747202,1.85E-04,9.39E-06,10.2230536,0.474930468,41.24392871,0.520495389,2.00E-04,11,40.5,all,114,8,Tineidae,,
Acari,Diptilomiopidae,sucker,16,33.48421,48.35383,16,1.95E-04,1.02E-05,10.71735402,0.511302643,39.73863268,0.416742406,33.0698892,0.289541511,1.95E-04,6.45E-06,10.69178312,0.321481354,39.75600405,0.268888187,1.90E-04,10.5,40,all,115,60,Diptilomiopidae,,
Acari,Tenuipalpidae,sucker,12,2.82085,-60.67196,17,1.67E-04,1.91E-05,12.24758233,1.431928872,38.20540542,0.244156291,32.0780587,0.233120449,1.67E-04,1.38E-05,12.1918034,1.043507179,38.22495043,0.17769405,1.80E-04,13,38,all,12,35,Tenuipalpidae,,
Hemiptera,Thaumastocoridae,sucker,12,-25.29254,-49.22435,18,8.72E-05,6.36E-06,-2.38140779,1.220560119,38.70548015,0.693855795,30.73512503,0.457029527,8.73E-05,3.25E-06,-2.385038574,0.623761203,38.70274299,0.354558137,1.20E-04,2,36,"a,Tmax",13,23,Thaumastocoridae,,
Acari,Tetranychidae,sucker,14,23.1302,113.25929,19,3.98E-04,8.57E-04,22.61024696,13.84626138,32.72673086,0.494827497,29.82277671,3.092232301,NA,NA,NA,NA,NA,NA,1.50E-04,12.5,33,Tmax,14,no,Tetranychidae,,
Lepidoptera,Tortricidae,borer,15,36,119,20,1.92E-04,1.81E-04,9.656194671,11.97878019,30.24672935,0.637883812,25.38974089,1.692523919,1.88E-04,1.00E-04,-0.464002422,46.22499282,30.66844309,1.019449269,1.70E-04,8.5,30.5,Tmax,15,no,Tortricidae,,
Hemiptera,Alydidae,sucker,16,35.93808,127.16437,21,2.34E-04,2.59E-05,14.93859221,0.756659497,34.97348373,0.46769608,29.96857659,0.32110126,2.34E-04,1.60E-05,14.90570344,0.469568359,34.98139876,0.304242477,2.30E-04,15,35,all,16,23,Alydidae,,
Hemiptera,Pentatomidae,sucker,16,30.40218,55.99418,22,3.10E-04,1.00E-04,19,1.583343228,30,1.79E-04,26.93525852,0.356705618,3.10E-04,0,19,0,30,0,3.10E-04,19,30,Tmax,17,60,Pentatomidae,,
Acari,Tenuipalpidae,sucker,12,19.18379,-96.21515,23,4.00E-05,2.57E-05,8.5,9.152463133,30,2.52E-04,25.02389612,1.317017763,4.00E-05,0,8.5,0,30,0,4.00E-05,8.5,30,Tmax,18,11,Tenuipalpidae,,
Hemiptera,Aphididae,sucker,12,5.44699,10.05331,24,2.93E-04,5.32E-05,18.39304184,1.008903614,32.87341426,0.401805405,28.99251161,0.291803429,2.93E-04,3.44E-05,18.3213512,0.668035479,32.92444442,0.282206753,2.90E-04,18.5,33,all,19,49,Aphididae,,
Lepidoptera,Noctuidae,borer,16,31.42206,73.09233,26,3.65E-05,7.27E-06,10.78575661,1.782257392,35.80068133,1.228329225,29.95592471,0.817459241,3.63E-05,4.64E-06,10.63788514,1.224526032,35.94088929,0.873157988,8.00E-05,4.5,33.5,all,2,16,Noctuidae,,
Lepidoptera,Noctuidae,chewer,14,39.92646,116.17955,28,8.00E-05,3.19E-05,13.5,3.931026455,31,1.92E-04,26.60886313,0.689809424,8.00E-05,0,13.5,0,31,0,8.00E-05,13.5,31,Tmax,20,50,Noctuidae,,
Thysanoptera,Thripidae,sucker,14,26.64999,106.62462,31,1.10E-04,1.85E-05,16,1.682687915,35.5,1.12E-04,30.56719499,0.301147407,1.10E-04,0,16,0,35.5,0,1.10E-04,16,35.5,all,21,46,Thripidae,,
Hemiptera,Tingidae,sucker,16,40.4167,-3.70358,32,3.00E-05,3.07E-05,6.5,14.24812029,43,9.880469516,35.11629262,6.482347289,3.00E-05,0,6.5,0,43,0,3.00E-05,6.5,43,Tmax,22,40,Tingidae,,
Hemiptera,Pentatomidae,sucker,12,-1.28325,36.81724,33,2.33E-04,1.35E-04,21.38395374,1.729268013,31.1023755,1.355899654,28.31748789,0.879159396,2.21E-04,6.65E-05,21.03536623,1.088946925,31.91173083,4.797137194,2.40E-04,21.5,31,Tmax,23,no,Pentatomidae,,
Lepidoptera,Pyralidae,chewer,14,29.22335,103.59661,34,1.50E-04,9.65E-05,3.5,10.0779935,30,3.09E-04,24.37706935,1.168318364,1.50E-04,0,3.5,0,30,0,1.50E-04,3.5,30,Tmax,24,19,Pyralidae,,
Lepidoptera,Pyralidae,chewer,14,19.54526,110.79322,35,4.13E-05,3.06E-05,-1.270957443,19.3993952,37.5283069,0.183803231,29.89819494,1.849296348,4.04E-05,1.99E-05,-46.88776507,379.7422521,37.78610366,0.479757877,5.00E-05,3,37.5,Tmax,26,12,Pyralidae,,
Lepidoptera,Gracillariidae,leafminer,14,37.3779,126.95432,36,7.96E-05,2.19E-05,12.30051252,1.871431618,35.43747108,2.266494519,29.89858238,1.567435062,7.87E-05,1.39E-05,12.08494443,1.25550998,35.84666612,1.755717787,8.00E-05,12.5,35.5,"Tmin,Tmax",28,45,Gracillariidae,,
Lepidoptera,Noctuidae,chewer,14,22.81931,108.36272,37,3.16E-04,3.48E-05,12.67769148,0.830667962,28.41018713,0.165919486,24.439882,0.174318832,3.16E-04,2.20E-05,12.64001403,0.531349932,28.41216461,0.110842865,8.00E-05,4.5,33.5,Tmax,3,23,Noctuidae,,
Diptera,Agromyzidae,leafminer,12,-12.06211,-77.03653,38,1.40E-04,3.59E-05,5.862256952,3.455007046,33.31687836,1.003787869,27.31021105,0.519598207,1.39E-04,2.26E-05,5.477689752,2.516183725,33.41268416,0.719091783,1.40E-04,6,33.5,Tmax,31,no,Agromyzidae,,
Lepidoptera,Gelechiidae,borer,12,-12.07617,-75.20632,39,1.37E-04,1.89E-05,16.36872941,1.329771201,38.95843302,0.507914332,33.33625391,0.316710625,1.37E-04,1.31E-05,16.30545529,0.937532224,38.97674322,0.36329949,1.30E-04,16,39,all,32,no,Gelechiidae,,
Lepidoptera,Plutellidae,chewer,12,-3.51239,38.25022,40,1.58E-04,7.60E-06,17.95011934,0.106311276,25.56321359,0.074559072,23.36512848,0.053899824,1.58E-04,3.75E-06,17.95041865,0.052811608,25.56376571,0.037580798,1.60E-04,18,25.5,all,33,50,Plutellidae,,
Lepidoptera,Noctuidae,chewer,16,36,119,41,2.61E-04,2.10E-05,18.9069119,0.423892413,30.05215397,0.032387448,26.95374417,0.095642595,2.61E-04,1.07E-05,18.89548607,0.219888404,30.05401806,0.016663017,2.70E-04,19,30,"Tmin,Tmax",34,33,Noctuidae,,
Thysanoptera,Thripidae,sucker,16,-37.8204,145.00252,43,5.50E-05,2.69E-05,12.91041919,5.609979078,37.90416168,1.594403406,31.94137015,1.003878909,5.36E-05,1.66E-05,10.99279559,9.882164614,38.48423132,2.357925144,6.00E-05,13.5,37.5,Tmax,35,35,Thripidae,,
Lepidoptera,Gelechiidae,leafminer,12,-20.75386,-42.88159,45,6.19E-05,1.14E-05,5.840897658,2.516531393,30.05800625,0.067171198,24.70878456,0.318686664,6.18E-05,7.35E-06,5.633046498,1.740281341,30.0668147,0.050503895,6.00E-05,5.5,30,"a,Tmax",36,no,Gelechiidae,,
Coleoptera,Curculionidae,chewer,12,26.545,117.84278,46,6.00E-05,4.45E-05,9,4.857509089,46,17.50617611,37.82154299,13.387025,6.00E-05,0,9,0,46,0,6.00E-05,9,46,none,37,no,Curculionidae,,
Lepidoptera,Xyloryctidae,leafminer,12,19.56889,109.40444,47,1.00E-04,8.54E-06,13.11821822,0.47255472,25.54710856,0.126476809,22.29626456,0.10562476,9.97E-05,5.50E-06,13.09537534,0.306587872,25.55506419,0.080690738,1.00E-04,13,25.5,all,38,8,Xyloryctidae,,
Lepidoptera,Crambidae,borer,14,37.1823,119.93251,48,5.27E-05,1.20E-05,3.848151272,3.177709662,28.07335316,0.103038125,22.87883157,0.375129849,5.21E-05,8.82E-06,3.378451098,2.582923275,28.13205492,0.050868941,5.00E-05,3,28,"a,Tmax",39,21,Crambidae,,
Acari,Tetranychidae,sucker,16,33.48421,48.35383,49,1.14E-04,7.94E-05,10.79476409,5.198168719,34.18541399,4.659117822,28.6780728,3.205079546,1.11E-04,3.69E-05,9.74951952,3.605492788,36.54026334,10.98790959,8.00E-05,4.5,33.5,none,4,no,Tetranychidae,,
Acari,Tetranychidae,sucker,12,22.61197,120.56687,50,1.76E-04,2.05E-05,9.075209785,0.967576854,33.31471145,0.705940425,27.73679511,0.500999374,1.76E-04,1.31E-05,9.029244819,0.617838339,33.3351827,0.462441503,1.70E-04,9,33.5,all,40,18,Tetranychidae,,
Lepidoptera,Pyralidae,borer,16,30.40218,55.99418,51,6.85E-05,3.20E-05,8.16439945,6.459941543,34.18537307,0.959156668,28.30234578,0.779791667,6.74E-05,1.93E-05,6.282863545,8.683847867,34.43293981,1.008768379,NA,NA,NA,all,41,32,Pyralidae,,
Hemiptera,Pseudococcidae,sucker,14,22.81931,108.36272,52,1.00E-04,1.50E-05,7.493892682,1.303502822,42.25620298,2.281563079,34.64522795,1.686594346,9.98E-05,9.51E-06,7.40259595,0.817777942,42.46752755,1.512888469,1.50E-04,10.5,37.5,all,43,10,Pseudococcidae,,
Acari,Tetranychidae,sucker,16,38.27366667,139.874076,53,1.24E-04,7.03E-06,14.35575534,0.530617269,34.11292272,0.15656208,29.19395288,0.121008203,1.24E-04,5.13E-06,14.35576748,0.385162371,34.11593288,0.112510819,1.30E-04,14.5,34,all,45,13,Tetranychidae,,
Hemiptera,Aphididae,sucker,12,-7.12194,-36.72468,54,1.19E-05,3.53E-06,14.85403666,3.508676546,36.07992465,0.149822966,30.82092433,0.588280823,1.15E-05,2.47E-06,13.85863782,3.496715767,36.14292847,0.183177755,1.00E-05,12.5,36,all,46,no,Aphididae,,
Acari,Tenuipalpidae,sucker,16,33.48421,48.35383,55,7.70E-05,2.62E-05,17.92453173,1.292559304,38.44744089,3.966584401,33.21284137,2.931311555,7.53E-05,1.75E-05,17.74000314,0.905981767,39.98908128,5.56171814,8.00E-05,18,38,"Tmin,Tmax",47,no,Tenuipalpidae,,
Lepidoptera,Noctuidae,chewer,14,17.36059,78.47406,56,3.09E-05,1.23E-05,2.589201876,6.377001493,29.1014505,0.797036184,23.55513855,0.412349669,3.04E-05,7.88E-06,0.894647041,6.405208887,29.21469032,0.59842884,1.00E-04,14.5,27.5,Tmax,48,no,Noctuidae,,
Lepidoptera,Crambidae,borer,12,-2.40199,39.78187,57,8.42E-05,2.45E-05,5.387738377,3.69591806,49.52047966,5.184222773,40.1938612,3.804238769,8.26E-05,1.71E-05,4.761216662,2.778763707,50.95569032,5.371693804,9.00E-05,6,48,"a,Tmax",49,27,Crambidae,,
Lepidoptera,Elachistidae,borer,12,7.34802,-73.89798,58,2.40E-04,1.16E-05,5.5,0.779905376,33,2.56E-05,27.01233941,0.096424307,2.40E-04,0,5.5,0,33,0,8.00E-05,4.5,33.5,all,5,20,Elachistidae,,
Lepidoptera,Noctuidae,borer,12,0.50904,34.57313,59,1.86E-04,2.61E-05,11.51696458,1.535750189,32.05596218,0.058091262,27.10711946,0.241263757,1.87E-04,1.65E-05,11.44327257,1.016929469,32.06095031,0.042482291,1.90E-04,11.5,32,all,50,no,Noctuidae,,
Diptera,Agromyzidae,leafminer,16,39.44125,106.88583,62,1.32E-04,9.69E-06,21.4644502,0.404485395,32.84844164,0.05879043,29.6433258,0.083224904,1.32E-04,4.80E-06,21.45634448,0.203537845,32.85027096,0.02954749,1.20E-04,21,33,all,51,no,Agromyzidae,,
Lepidoptera,Noctuidae,chewer,14,41.83867,-94.10676,64,2.28E-04,4.22E-05,16.39025097,1.442786281,33.78785682,0.494577472,29.30558364,0.34358835,2.26E-04,3.71E-05,16.13860538,1.427702815,33.86618588,0.523071274,2.28E-04,16.39025097,33.78785682,all,52,no,Noctuidae,,
Hemiptera,Pseudococcidae,sucker,10,18.52143,73.85445,65,1.87E-04,3.23E-05,9.075078392,1.992953266,38.94586707,1.100327796,32.21299228,0.728508295,1.86E-04,3.10E-05,8.72576243,2.284246455,39.15872043,1.333960338,2.00E-04,9.5,38.5,all,53,30,Pseudococcidae,,
Acari,Tetranychidae,sucker,12,23.04125,120.47768,66,1.99E-04,5.56E-05,15.28946299,1.211247365,34.44413598,2.571453338,29.61623435,1.927514757,1.97E-04,3.69E-05,15.18828832,0.881488041,35.13574155,2.683858918,2.10E-04,15.5,34,"Tmin,Tmax",54,32,Tetranychidae,,
Lepidoptera,Pyralidae,borer,14,29.65197,-82.32498,68,6.23E-05,4.30E-05,15.29060392,3.561299348,39.29485507,8.087273885,33.41852102,5.897337086,6.03E-05,1.96E-05,14.78627317,2.118216081,44.66527895,27.5035585,6.00E-05,15,39.5,none,55,30,Pyralidae,,
Hemiptera,Aphididae,sucker,14,42.4805,85.46335,69,6.72E-05,5.13E-05,1.636493811,12.25400432,47.61735757,11.11470145,38.2611117,7.733669436,6.96E-05,2.72E-05,-0.808642442,11.52253238,52.98185086,35.66489208,1.00E-04,7.5,43,Tmax,56,54,Aphididae,,
Hemiptera,Aphididae,sucker,14,50.01306,22.01614,70,9.75E-05,3.26E-06,14.89606044,0.348814346,35.02080367,0.011181551,29.99824565,0.060473438,9.73E-05,2.30E-06,14.88024092,0.243132963,35.02162025,0.007596916,1.00E-04,15,35,all,57,50,Aphididae,,
Hemiptera,Pseudococcidae,sucker,NA,10.90943,78.36653,71,1.99E-04,1.25E-05,16.72046409,0.571244245,36.56318629,0.102302251,31.5260154,0.105800191,1.99E-04,7.83E-06,16.71092544,0.359135265,36.5642194,0.064963443,2.10E-04,17,36.5,all,58,34,Pseudococcidae,,
Hemiptera,Pseudococcidae,sucker,14,21.27371,110.35483,72,7.65E-05,8.88E-06,14.4925924,0.687991566,31.05962991,0.337627527,26.83312757,0.244197876,7.66E-05,7.61E-06,14.46453513,0.598762281,31.10531998,0.307352937,8.00E-05,14.5,31,all,59,11,Pseudococcidae,,
Thysanoptera,Thripidae,sucker,12,22.6828,120.48793,73,1.41E-04,3.89E-05,13.55957192,2.291859507,33.57456222,1.197562132,28.63621994,0.638703853,1.42E-04,2.46E-05,13.41018813,1.587144861,33.67131109,0.857545053,1.30E-04,13,34,"Tmin,Tmax",6,no,Thripidae,,
Lepidoptera,Plutellidae,chewer,12,-25.29254,-49.22435,74,1.74E-04,5.34E-05,12.82919893,2.773291992,35.88995281,1.323978147,30.33886006,0.760906834,1.72E-04,4.24E-05,12.19225069,3.337229702,36.33790865,1.993954292,1.70E-04,12.5,36,all,62,20,Plutellidae,,
Acari,Tetranychidae,sucker,14,31.33378,48.86386,76,9.59E-05,2.64E-05,4.719960335,4.934787569,38.41540617,1.093039676,31.24288708,0.550720116,9.47E-05,1.86E-05,3.811313156,3.903211122,38.5830412,0.856812725,1.10E-04,7,38,"a,Tmax",64,23,Tetranychidae,,
Lepidoptera,Gelechiidae,miner,8,38.25142,48.29749,77,6.89E-05,4.74E-06,8.578576356,1.134105043,41.33140863,0.200001932,34.04663798,0.160961511,6.89E-05,3.33E-06,8.543111105,0.808153896,41.33584043,0.143568407,8.00E-05,10.5,41,all,65,17,Gelechiidae,,
Hemiptera,Aphididae,sucker,16,37.87084,-122.27286,79,1.81E-04,3.55E-05,14.13446369,1.753612241,33.51885703,0.299051542,28.69049525,0.313665886,1.81E-04,2.30E-05,14.03148965,1.188340355,33.54685954,0.189550712,1.80E-04,14,33.5,all,66,24,Aphididae,,
Hemiptera,Aleyrodidae,sucker,14,30.43808,-84.28093,80,9.51E-05,1.14E-05,14.4498656,1.21719176,36.01312525,0.04435403,30.70020705,0.206042452,9.52E-05,9.41E-06,14.41963971,1.006113215,36.06483842,0.031749547,9.00E-05,14,36,all,68,10,Aleyrodidae,,
Acari,Eriophyidae,sucker,16,45.27817,-123.01093,81,1.80E-04,1.78E-04,0.5,15.96325069,32,4.372829044,25.65049212,2.120537353,1.80E-04,0,0.5,0,32,0,1.80E-04,0.5,32,all,69,20,Eriophyidae,,
Acari,Tetranychidae,sucker,16,-20.75,-42.87,83,1.31E-04,1.55E-05,13.74142037,0.931258901,33.47393277,0.333925313,28.58802576,0.225042183,1.31E-04,7.93E-06,13.72396184,0.467215843,33.48624025,0.174965087,1.30E-04,13.5,33.5,"Tmin,Tmax",7,15,Tetranychidae,,
Hemiptera,Aphididae,sucker,16,42.4396,-76.4968,84,7.53E-05,3.12E-05,-15.51676381,13.11001707,29.26379527,0.532098691,22.26039213,0.544422107,7.55E-05,2.00E-05,-18.25580264,12.83869319,29.3099093,0.365792336,1.10E-04,-5,29,Tmax,70,22,Aphididae,,
Lepidoptera,Gracillariidae,leafminer,16,35.68925,51.3896,85,9.41E-05,7.43E-05,12.11154306,7.154658013,42.06044084,8.006573758,35.11193104,5.549537741,9.33E-05,3.76E-05,10.54541763,6.913978049,47.68110213,23.30612289,1.00E-04,12.5,41.5,Tmax,71,15,Gracillariidae,,
Coleoptera,Curculionidae,chewer,8,34.79833,48.51485,86,1.50E-04,4.35E-06,14.16911066,0.252784905,32.32353747,0.035346599,27.76122469,0.045229632,1.50E-04,3.13E-06,14.16330325,0.18054723,32.32321357,0.024532699,1.40E-04,14,32.5,all,72,20,Curculionidae,,
Hemiptera,Aphididae,sucker,14,34.99253,-101.92788,88,1.39E-04,7.19E-05,13.27114341,2.476230207,39.73454701,7.606260396,33.44324603,5.72959626,1.35E-04,4.26E-05,12.82618886,1.878277638,46.17943132,43.89898363,1.30E-04,13,41,"Tmin,Tmax",73,12,Aphididae,,
Hemiptera,Tingidae,sucker,16,41.11858,27.41442,90,1.28E-04,2.09E-05,3.030423358,2.040211711,35.04858185,1.184360538,28.35901319,0.799236594,1.27E-04,1.33E-05,2.892749873,1.351750744,35.15269329,0.78820619,1.30E-04,3.5,35,"a,Tmax",74,25,Tingidae,,
Hemiptera,Aphididae,sucker,12,24.16316,120.64783,91,1.59E-04,1.73E-04,10.61516265,6.774299559,38.27917008,14.33497065,31.89674631,10.66395437,1.59E-04,5.82E-05,9.955999987,3.999996241,44.65265014,29.73891946,1.60E-04,10.5,38,none,76,21,Aphididae,,
Coleoptera,Curculionidae,borer,14,29.65197,-82.32498,92,2.10E-04,3.19E-05,13.66218362,1.098377484,34.49496099,0.732802462,29.37614767,0.500336033,2.10E-04,1.99E-05,13.60059946,0.70179817,34.55877094,0.489606642,2.10E-04,13.5,34.5,all,77,13,Curculionidae,,
Hemiptera,Cicadellidae,sucker,16,32.78333,130.73334,93,2.14E-04,4.75E-05,8.419335581,2.45682488,31.14450706,0.486791911,25.92078555,0.3634353,2.13E-04,3.08E-05,8.162651783,1.633955333,31.19100525,0.319614535,2.20E-04,8.5,31,"a,Tmax",79,3,Cicadellidae,,
Acari,Tetranychidae,sucker,16,36.59912,140.65046,94,7.09E-05,2.28E-04,-35.05624663,176.0361487,33.05590266,2.417146162,24.40447348,4.686529785,NA,NA,NA,NA,NA,NA,1.60E-04,-4.5,32.5,Tmax,8,16,Tetranychidae,,
Hemiptera,Miridae,sucker,16,38.35745,23.11012,96,7.67E-05,1.16E-05,9.999147522,1.312471002,34.57941998,1.164529586,28.8728542,0.83037424,7.64E-05,5.87E-06,9.93293731,0.68964389,34.64611773,0.61128788,8.00E-05,10.5,34.5,Tmax,80,7,Miridae,,
Acari,Tetranychidae,sucker,16,46.82596,-71.23522,98,1.10E-04,3.02E-05,10.5,3.888917516,34,1.70E-04,28.4872271,0.578561176,1.10E-04,0,10.5,0,34,0,1.10E-04,10.5,34,"a,Tmax",81,no,Tetranychidae,,
Hemiptera,Aphididae,sucker,16,36.61162,-119.52707,100,2.09E-04,1.46E-05,10.70039769,0.705611086,38.99656455,0.473943139,32.47832426,0.323176688,2.09E-04,9.12E-06,10.68603678,0.432254754,39.00661747,0.304164149,2.10E-04,11,39,all,83,42,Aphididae,,
Hemiptera,Aphididae,sucker,16,-33.77403,151.11271,103,4.80E-04,1.57E-04,4.457583751,3.100864437,28.20095137,1.497850334,23.05422569,0.969292638,4.74E-04,8.04E-05,4.087439805,1.805305776,28.38720733,0.887702833,5.00E-04,5,28,Tmax,84,20,Aphididae,,
Hemiptera,Diaspididae,sucker,16,37.19803,30.68445,104,8.11E-05,4.52E-06,8.637175282,0.741744125,33.67169497,0.088975858,27.95885681,0.097129709,8.11E-05,3.01E-06,8.619784766,0.491896901,33.67363423,0.058209045,9.00E-05,9.5,33.5,all,85,35,Diaspididae,,
Hemiptera,Coreidae,sucker,12,7.16545,1.98288,105,6.52E-05,9.33E-06,8.110207439,1.247383675,36.45872557,1.243229458,30.10425381,0.891789655,6.48E-05,6.58E-06,7.999368331,0.943469937,36.61753063,0.943525386,8.00E-05,9.5,35,all,86,44,Coreidae,,
Hemiptera,Aphididae,sucker,16,51.84005,-0.09786,106,2.94E-04,6.47E-05,2.927876491,3.526385396,28.98086366,0.26483911,23.49693227,0.312317217,2.93E-04,5.08E-05,2.325565286,3.110096183,29.01723761,0.224116773,2.80E-04,2,29,"a,Tmax",88,9,Aphididae,,
Thysanoptera,Thripidae,sucker,12,34.90496,-87.67474,107,1.12E-04,1.35E-05,16.07421706,1.027841955,33.28141325,0.118198447,28.85317964,0.186042991,1.12E-04,8.40E-06,16.00911695,0.655407483,33.28883958,0.075139537,1.00E-04,15.5,33.5,all,9,16,Thripidae,,
Lepidoptera,Crambidae,borer,NA,29.15627,75.72923,109,1.08E-04,6.17E-05,13.74103526,4.437480933,36.03143933,3.449670444,30.59715389,2.205464288,1.06E-04,3.62E-05,12.4457428,4.5295914,37.7546316,7.850039884,1.10E-04,14,36,Tmax,90,30,Crambidae,,
Acari,Tetranychidae,sucker,16,42.75,2.98,110,0.000163224,1.55E-05,10.3618074,0.587783794,36.35193082,1.105692381,30.33117646,0.833798108,1.64E-04,1.01E-05,10.36675436,0.379818251,36.3865807,0.732135085,1.70E-04,10.5,36,all,91,15,Tetranychidae,,
Acari,Tetranychidae,sucker,16,34.85,135.6,111,5.89E-05,2.93E-05,8.82379541,6.050045898,34.74527726,1.694513858,28.83797887,1.114900919,5.56E-05,2.05E-05,4.772332352,16.29776834,36.18685499,9.977554159,6.00E-05,9,34.5,Tmax,92,15,Tetranychidae,,
Acari,Tetranychidae,sucker,16,-1.7,37.41666667,112,1.16E-04,8.73E-06,15.86899497,0.539900481,35.44311627,0.291331413,30.49939419,0.208755149,1.16E-04,6.71E-06,15.83544419,0.438379557,35.46246412,0.234247525,1.10E-04,15.5,35.5,all,93,15,Tetranychidae,,
Acari,Tetranychidae,sucker,16,28.38333333,-16.55,113,1.54E-04,6.29E-05,7.072807449,3.123853355,42.78598156,7.681463165,35.0155228,5.802905281,1.55E-04,3.24E-05,6.920455545,1.684336996,44.0055534,6.075414451,1.70E-04,8,41.5,none,94,15,Tetranychidae,,
Acari,Tetranychidae,sucker,16,39.48333333,-0.333333333,114,3.20E-05,3.29E-05,12.61104023,8.329529521,30.17822827,0.990110853,25.81135526,1.495688524,NA,NA,NA,NA,NA,NA,3.00E-05,12.5,30.5,Tmax,96,15,Tetranychidae,,
Acari,Tetranychidae,sucker,16,24.06666667,121.7,115,2.36E-04,2.02E-05,12.75050624,1.188252946,38.00000522,7.31E-04,31.99237269,0.183060993,NA,NA,NA,NA,NA,NA,2.40E-04,13,38,all,98,15,Tetranychidae,,
